,paths
0,"[('Hamar', 'Ålesund', 'Rail', 1)]"
1,"[('Ålesund', 'Hamar', 'Rail', 1)]"
2,"[('Oslo', 'Skien', 'Sea', 1)]"
3,"[('Skien', 'Oslo', 'Sea', 1)]"
4,"[('Kristiansand', 'Stavanger', 'Road', 1)]"
5,"[('Stavanger', 'Kristiansand', 'Road', 1)]"
6,"[('Skien', 'Verden', 'Sea', 1)]"
7,"[('Verden', 'Skien', 'Sea', 1)]"
8,"[('Oslo', 'Bergen', 'Rail', 1)]"
9,"[('Bergen', 'Oslo', 'Rail', 1)]"
10,"[('Trondheim', 'Ålesund', 'Sea', 1)]"
11,"[('Ålesund', 'Trondheim', 'Sea', 1)]"
12,"[('Ålesund', 'Skien', 'Sea', 1)]"
13,"[('Skien', 'Ålesund', 'Sea', 1)]"
14,"[('Bodø', 'Nord-Sverige', 'Road', 1)]"
15,"[('Nord-Sverige', 'Bodø', 'Road', 1)]"
16,"[('Kristiansand', 'Europa', 'Sea', 1)]"
17,"[('Europa', 'Kristiansand', 'Sea', 1)]"
18,"[('Kristiansand', 'Stavanger', 'Rail', 1)]"
19,"[('Stavanger', 'Kristiansand', 'Rail', 1)]"
20,"[('Bergen', 'Ålesund', 'Sea', 1)]"
21,"[('Ålesund', 'Bergen', 'Sea', 1)]"
22,"[('Oslo', 'Skien', 'Road', 1)]"
23,"[('Skien', 'Oslo', 'Road', 1)]"
24,"[('Kristiansand', 'Verden', 'Sea', 1)]"
25,"[('Verden', 'Kristiansand', 'Sea', 1)]"
26,"[('Trondheim', 'Tromsø', 'Sea', 1)]"
27,"[('Tromsø', 'Trondheim', 'Sea', 1)]"
28,"[('Trondheim', 'Ålesund', 'Road', 1)]"
29,"[('Ålesund', 'Trondheim', 'Road', 1)]"
30,"[('Kontinentalsokkelen', 'Sør-Sverige', 'Sea', 1)]"
31,"[('Oslo', 'Europa', 'Sea', 1)]"
32,"[('Europa', 'Oslo', 'Sea', 1)]"
33,"[('Trondheim', 'Bodø', 'Road', 1)]"
34,"[('Bodø', 'Trondheim', 'Road', 1)]"
35,"[('Bergen', 'Trondheim', 'Sea', 1)]"
36,"[('Trondheim', 'Bergen', 'Sea', 1)]"
37,"[('Tromsø', 'Europa', 'Sea', 1)]"
38,"[('Europa', 'Tromsø', 'Sea', 1)]"
39,"[('Tromsø', 'Kristiansand', 'Sea', 1)]"
40,"[('Kristiansand', 'Tromsø', 'Sea', 1)]"
41,"[('Trondheim', 'Bodø', 'Rail', 1)]"
42,"[('Bodø', 'Trondheim', 'Rail', 1)]"
43,"[('Oslo', 'Sør-Sverige', 'Sea', 1)]"
44,"[('Sør-Sverige', 'Oslo', 'Sea', 1)]"
45,"[('Skien', 'Nord-Sverige', 'Sea', 1)]"
46,"[('Nord-Sverige', 'Skien', 'Sea', 1)]"
47,"[('Tromsø', 'Stavanger', 'Sea', 1)]"
48,"[('Stavanger', 'Tromsø', 'Sea', 1)]"
49,"[('Tromsø', 'Sør-Sverige', 'Sea', 1)]"
50,"[('Sør-Sverige', 'Tromsø', 'Sea', 1)]"
51,"[('Kristiansand', 'Skien', 'Sea', 1)]"
52,"[('Skien', 'Kristiansand', 'Sea', 1)]"
53,"[('Oslo', 'Verden', 'Sea', 1)]"
54,"[('Verden', 'Oslo', 'Sea', 1)]"
55,"[('Bergen', 'Sør-Sverige', 'Sea', 1)]"
56,"[('Sør-Sverige', 'Bergen', 'Sea', 1)]"
57,"[('Stavanger', 'Verden', 'Sea', 1)]"
58,"[('Verden', 'Stavanger', 'Sea', 1)]"
59,"[('Trondheim', 'Hamar', 'Rail', 2)]"
60,"[('Hamar', 'Trondheim', 'Rail', 2)]"
61,"[('Bodø', 'Tromsø', 'Road', 1)]"
62,"[('Tromsø', 'Bodø', 'Road', 1)]"
63,"[('Stavanger', 'Nord-Sverige', 'Sea', 1)]"
64,"[('Nord-Sverige', 'Stavanger', 'Sea', 1)]"
65,"[('Trondheim', 'Skien', 'Sea', 1)]"
66,"[('Skien', 'Trondheim', 'Sea', 1)]"
67,"[('Tromsø', 'Verden', 'Sea', 1)]"
68,"[('Verden', 'Tromsø', 'Sea', 1)]"
69,"[('Tromsø', 'Skien', 'Sea', 1)]"
70,"[('Skien', 'Tromsø', 'Sea', 1)]"
71,"[('Stavanger', 'Kontinentalsokkelen', 'Sea', 1)]"
72,"[('Kontinentalsokkelen', 'Stavanger', 'Sea', 1)]"
73,"[('Skien', 'Sør-Sverige', 'Sea', 1)]"
74,"[('Sør-Sverige', 'Skien', 'Sea', 1)]"
75,"[('Tromsø', 'Kontinentalsokkelen', 'Sea', 1)]"
76,"[('Kontinentalsokkelen', 'Tromsø', 'Sea', 1)]"
77,"[('Bergen', 'Stavanger', 'Road', 1)]"
78,"[('Stavanger', 'Bergen', 'Road', 1)]"
79,"[('Tromsø', 'Nord-Sverige', 'Sea', 1)]"
80,"[('Nord-Sverige', 'Tromsø', 'Sea', 1)]"
81,"[('Bergen', 'Kontinentalsokkelen', 'Sea', 1)]"
82,"[('Kontinentalsokkelen', 'Bergen', 'Sea', 1)]"
83,"[('Bodø', 'Tromsø', 'Rail', 1)]"
84,"[('Tromsø', 'Bodø', 'Rail', 1)]"
85,"[('Stavanger', 'Europa', 'Sea', 1)]"
86,"[('Europa', 'Stavanger', 'Sea', 1)]"
87,"[('Trondheim', 'Nord-Sverige', 'Rail', 1)]"
88,"[('Nord-Sverige', 'Trondheim', 'Rail', 1)]"
89,"[('Oslo', 'Ålesund', 'Sea', 1)]"
90,"[('Ålesund', 'Oslo', 'Sea', 1)]"
91,"[('Bergen', 'Europa', 'Sea', 1)]"
92,"[('Europa', 'Bergen', 'Sea', 1)]"
93,"[('Trondheim', 'Sør-Sverige', 'Sea', 1)]"
94,"[('Sør-Sverige', 'Trondheim', 'Sea', 1)]"
95,"[('Ålesund', 'Nord-Sverige', 'Sea', 1)]"
96,"[('Nord-Sverige', 'Ålesund', 'Sea', 1)]"
97,"[('Oslo', 'Bergen', 'Sea', 1)]"
98,"[('Bergen', 'Oslo', 'Sea', 1)]"
99,"[('Ålesund', 'Europa', 'Sea', 1)]"
100,"[('Europa', 'Ålesund', 'Sea', 1)]"
101,"[('Oslo', 'Sør-Sverige', 'Road', 1)]"
102,"[('Sør-Sverige', 'Oslo', 'Road', 1)]"
103,"[('Bodø', 'Skien', 'Sea', 1)]"
104,"[('Skien', 'Bodø', 'Sea', 1)]"
105,"[('Kristiansand', 'Sør-Sverige', 'Sea', 1)]"
106,"[('Sør-Sverige', 'Kristiansand', 'Sea', 1)]"
107,"[('Trondheim', 'Kontinentalsokkelen', 'Sea', 1)]"
108,"[('Kontinentalsokkelen', 'Trondheim', 'Sea', 1)]"
109,"[('Bodø', 'Kontinentalsokkelen', 'Sea', 1)]"
110,"[('Ålesund', 'Stavanger', 'Sea', 1)]"
111,"[('Stavanger', 'Ålesund', 'Sea', 1)]"
112,"[('Stavanger', 'Sør-Sverige', 'Sea', 1)]"
113,"[('Sør-Sverige', 'Stavanger', 'Sea', 1)]"
114,"[('Skien', 'Kontinentalsokkelen', 'Sea', 1)]"
115,"[('Kontinentalsokkelen', 'Skien', 'Sea', 1)]"
116,"[('Oslo', 'Sør-Sverige', 'Rail', 1)]"
117,"[('Sør-Sverige', 'Oslo', 'Rail', 1)]"
118,"[('Ålesund', 'Sør-Sverige', 'Sea', 1)]"
119,"[('Sør-Sverige', 'Ålesund', 'Sea', 1)]"
120,"[('Bodø', 'Europa', 'Sea', 1)]"
121,"[('Europa', 'Bodø', 'Sea', 1)]"
122,"[('Bodø', 'Kristiansand', 'Sea', 1)]"
123,"[('Kristiansand', 'Bodø', 'Sea', 1)]"
124,"[('Trondheim', 'Bodø', 'Sea', 1)]"
125,"[('Bodø', 'Trondheim', 'Sea', 1)]"
126,"[('Oslo', 'Hamar', 'Road', 1)]"
127,"[('Hamar', 'Oslo', 'Road', 1)]"
128,"[('Ålesund', 'Verden', 'Sea', 1)]"
129,"[('Verden', 'Ålesund', 'Sea', 1)]"
130,"[('Kristiansand', 'Skien', 'Rail', 1)]"
131,"[('Skien', 'Kristiansand', 'Rail', 1)]"
132,"[('Oslo', 'Skien', 'Rail', 1)]"
133,"[('Skien', 'Oslo', 'Rail', 1)]"
134,"[('Kontinentalsokkelen', 'Europa', 'Sea', 1)]"
135,"[('Bodø', 'Stavanger', 'Sea', 1)]"
136,"[('Stavanger', 'Bodø', 'Sea', 1)]"
137,"[('Oslo', 'Bodø', 'Sea', 1)]"
138,"[('Bodø', 'Oslo', 'Sea', 1)]"
139,"[('Bodø', 'Sør-Sverige', 'Sea', 1)]"
140,"[('Sør-Sverige', 'Bodø', 'Sea', 1)]"
141,"[('Oslo', 'Hamar', 'Rail', 1)]"
142,"[('Hamar', 'Oslo', 'Rail', 1)]"
143,"[('Kristiansand', 'Nord-Sverige', 'Sea', 1)]"
144,"[('Nord-Sverige', 'Kristiansand', 'Sea', 1)]"
145,"[('Kontinentalsokkelen', 'Verden', 'Sea', 1)]"
146,"[('Oslo', 'Nord-Sverige', 'Sea', 1)]"
147,"[('Nord-Sverige', 'Oslo', 'Sea', 1)]"
148,"[('Ålesund', 'Kontinentalsokkelen', 'Sea', 1)]"
149,"[('Kontinentalsokkelen', 'Ålesund', 'Sea', 1)]"
150,"[('Bergen', 'Bodø', 'Sea', 1)]"
151,"[('Bodø', 'Bergen', 'Sea', 1)]"
152,"[('Bergen', 'Nord-Sverige', 'Sea', 1)]"
153,"[('Nord-Sverige', 'Bergen', 'Sea', 1)]"
154,"[('Bodø', 'Verden', 'Sea', 1)]"
155,"[('Verden', 'Bodø', 'Sea', 1)]"
156,"[('Kristiansand', 'Stavanger', 'Sea', 1)]"
157,"[('Stavanger', 'Kristiansand', 'Sea', 1)]"
158,"[('Tromsø', 'Ålesund', 'Sea', 1)]"
159,"[('Ålesund', 'Tromsø', 'Sea', 1)]"
160,"[('Stavanger', 'Skien', 'Sea', 1)]"
161,"[('Skien', 'Stavanger', 'Sea', 1)]"
162,"[('Bodø', 'Tromsø', 'Sea', 1)]"
163,"[('Tromsø', 'Bodø', 'Sea', 1)]"
164,"[('Bergen', 'Kristiansand', 'Sea', 1)]"
165,"[('Kristiansand', 'Bergen', 'Sea', 1)]"
166,"[('Oslo', 'Stavanger', 'Sea', 1)]"
167,"[('Stavanger', 'Oslo', 'Sea', 1)]"
168,"[('Trondheim', 'Hamar', 'Road', 1)]"
169,"[('Hamar', 'Trondheim', 'Road', 1)]"
170,"[('Kristiansand', 'Skien', 'Road', 1)]"
171,"[('Skien', 'Kristiansand', 'Road', 1)]"
172,"[('Bergen', 'Stavanger', 'Sea', 1)]"
173,"[('Stavanger', 'Bergen', 'Sea', 1)]"
174,"[('Trondheim', 'Verden', 'Sea', 1)]"
175,"[('Verden', 'Trondheim', 'Sea', 1)]"
176,"[('Bodø', 'Nord-Sverige', 'Rail', 1)]"
177,"[('Nord-Sverige', 'Bodø', 'Rail', 1)]"
178,"[('Trondheim', 'Nord-Sverige', 'Road', 1)]"
179,"[('Nord-Sverige', 'Trondheim', 'Road', 1)]"
180,"[('Trondheim', 'Hamar', 'Rail', 1)]"
181,"[('Hamar', 'Trondheim', 'Rail', 1)]"
182,"[('Skien', 'Europa', 'Sea', 1)]"
183,"[('Europa', 'Skien', 'Sea', 1)]"
184,"[('Oslo', 'Trondheim', 'Sea', 1)]"
185,"[('Trondheim', 'Oslo', 'Sea', 1)]"
186,"[('Oslo', 'Tromsø', 'Sea', 1)]"
187,"[('Tromsø', 'Oslo', 'Sea', 1)]"
188,"[('Hamar', 'Sør-Sverige', 'Rail', 1)]"
189,"[('Sør-Sverige', 'Hamar', 'Rail', 1)]"
190,"[('Kristiansand', 'Ålesund', 'Sea', 1)]"
191,"[('Ålesund', 'Kristiansand', 'Sea', 1)]"
192,"[('Bergen', 'Verden', 'Sea', 1)]"
193,"[('Verden', 'Bergen', 'Sea', 1)]"
194,"[('Bergen', 'Skien', 'Sea', 1)]"
195,"[('Skien', 'Bergen', 'Sea', 1)]"
196,"[('Bergen', 'Tromsø', 'Sea', 1)]"
197,"[('Tromsø', 'Bergen', 'Sea', 1)]"
198,"[('Bergen', 'Ålesund', 'Road', 1)]"
199,"[('Ålesund', 'Bergen', 'Road', 1)]"
200,"[('Trondheim', 'Europa', 'Sea', 1)]"
201,"[('Europa', 'Trondheim', 'Sea', 1)]"
202,"[('Bodø', 'Ålesund', 'Sea', 1)]"
203,"[('Ålesund', 'Bodø', 'Sea', 1)]"
204,"[('Trondheim', 'Kristiansand', 'Sea', 1)]"
205,"[('Kristiansand', 'Trondheim', 'Sea', 1)]"
206,"[('Hamar', 'Ålesund', 'Road', 1)]"
207,"[('Ålesund', 'Hamar', 'Road', 1)]"
208,"[('Oslo', 'Bergen', 'Road', 1)]"
209,"[('Bergen', 'Oslo', 'Road', 1)]"
210,"[('Trondheim', 'Stavanger', 'Sea', 1)]"
211,"[('Stavanger', 'Trondheim', 'Sea', 1)]"
212,"[('Oslo', 'Kristiansand', 'Sea', 1)]"
213,"[('Kristiansand', 'Oslo', 'Sea', 1)]"
214,"[('Oslo', 'Hamar', 'Road', 1), ('Hamar', 'Trondheim', 'Road', 1)]"
215,"[('Oslo', 'Hamar', 'Road', 1), ('Hamar', 'Trondheim', 'Road', 1), ('Trondheim', 'Bodø', 'Road', 1)]"
216,"[('Oslo', 'Hamar', 'Road', 1), ('Hamar', 'Trondheim', 'Road', 1), ('Trondheim', 'Bodø', 'Road', 1), ('Bodø', 'Tromsø', 'Road', 1)]"
217,"[('Oslo', 'Skien', 'Road', 1), ('Skien', 'Kristiansand', 'Road', 1)]"
218,"[('Oslo', 'Hamar', 'Road', 1), ('Hamar', 'Ålesund', 'Road', 1)]"
219,"[('Oslo', 'Skien', 'Road', 1), ('Skien', 'Kristiansand', 'Road', 1), ('Kristiansand', 'Stavanger', 'Road', 1)]"
220,"[('Oslo', 'Sør-Sverige', 'Road', 1), ('Sør-Sverige', 'Nord-Sverige', 'Road', 1)]"
221,"[('Oslo', 'Sør-Sverige', 'Road', 1), ('Sør-Sverige', 'Europa', 'Road', 1)]"
222,"[('Bergen', 'Ålesund', 'Road', 1), ('Ålesund', 'Trondheim', 'Road', 1)]"
223,"[('Bergen', 'Ålesund', 'Road', 1), ('Ålesund', 'Trondheim', 'Road', 1), ('Trondheim', 'Bodø', 'Road', 1)]"
224,"[('Bergen', 'Ålesund', 'Road', 1), ('Ålesund', 'Trondheim', 'Road', 1), ('Trondheim', 'Bodø', 'Road', 1), ('Bodø', 'Tromsø', 'Road', 1)]"
225,"[('Bergen', 'Oslo', 'Road', 1), ('Oslo', 'Hamar', 'Road', 1)]"
226,"[('Bergen', 'Stavanger', 'Road', 1), ('Stavanger', 'Kristiansand', 'Road', 1)]"
227,"[('Bergen', 'Oslo', 'Road', 1), ('Oslo', 'Skien', 'Road', 1)]"
228,"[('Bergen', 'Oslo', 'Road', 1), ('Oslo', 'Sør-Sverige', 'Road', 1)]"
229,"[('Bergen', 'Oslo', 'Road', 1), ('Oslo', 'Sør-Sverige', 'Road', 1), ('Sør-Sverige', 'Nord-Sverige', 'Road', 1)]"
230,"[('Bergen', 'Oslo', 'Road', 1), ('Oslo', 'Sør-Sverige', 'Road', 1), ('Sør-Sverige', 'Europa', 'Road', 1)]"
231,"[('Trondheim', 'Hamar', 'Road', 1), ('Hamar', 'Oslo', 'Road', 1)]"
232,"[('Trondheim', 'Ålesund', 'Road', 1), ('Ålesund', 'Bergen', 'Road', 1)]"
233,"[('Trondheim', 'Bodø', 'Road', 1), ('Bodø', 'Tromsø', 'Road', 1)]"
234,"[('Trondheim', 'Hamar', 'Road', 1), ('Hamar', 'Oslo', 'Road', 1), ('Oslo', 'Skien', 'Road', 1), ('Skien', 'Kristiansand', 'Road', 1)]"
235,"[('Trondheim', 'Hamar', 'Road', 1), ('Hamar', 'Oslo', 'Road', 1), ('Oslo', 'Skien', 'Road', 1)]"
236,"[('Trondheim', 'Ålesund', 'Road', 1), ('Ålesund', 'Bergen', 'Road', 1), ('Bergen', 'Stavanger', 'Road', 1)]"
237,"[('Trondheim', 'Nord-Sverige', 'Road', 1), ('Nord-Sverige', 'Sør-Sverige', 'Road', 1)]"
238,"[('Trondheim', 'Nord-Sverige', 'Road', 1), ('Nord-Sverige', 'Sør-Sverige', 'Road', 1), ('Sør-Sverige', 'Europa', 'Road', 1)]"
239,"[('Bodø', 'Trondheim', 'Road', 1), ('Trondheim', 'Hamar', 'Road', 1), ('Hamar', 'Oslo', 'Road', 1)]"
240,"[('Bodø', 'Trondheim', 'Road', 1), ('Trondheim', 'Ålesund', 'Road', 1), ('Ålesund', 'Bergen', 'Road', 1)]"
241,"[('Bodø', 'Trondheim', 'Road', 1), ('Trondheim', 'Hamar', 'Road', 1)]"
242,"[('Bodø', 'Trondheim', 'Road', 1), ('Trondheim', 'Hamar', 'Road', 1), ('Hamar', 'Oslo', 'Road', 1), ('Oslo', 'Skien', 'Road', 1), ('Skien', 'Kristiansand', 'Road', 1)]"
243,"[('Bodø', 'Trondheim', 'Road', 1), ('Trondheim', 'Hamar', 'Road', 1), ('Hamar', 'Oslo', 'Road', 1), ('Oslo', 'Skien', 'Road', 1)]"
244,"[('Bodø', 'Trondheim', 'Road', 1), ('Trondheim', 'Ålesund', 'Road', 1)]"
245,"[('Bodø', 'Trondheim', 'Road', 1), ('Trondheim', 'Ålesund', 'Road', 1), ('Ålesund', 'Bergen', 'Road', 1), ('Bergen', 'Stavanger', 'Road', 1)]"
246,"[('Bodø', 'Nord-Sverige', 'Road', 1), ('Nord-Sverige', 'Sør-Sverige', 'Road', 1)]"
247,"[('Bodø', 'Nord-Sverige', 'Road', 1), ('Nord-Sverige', 'Sør-Sverige', 'Road', 1), ('Sør-Sverige', 'Europa', 'Road', 1)]"
248,"[('Tromsø', 'Bodø', 'Road', 1), ('Bodø', 'Trondheim', 'Road', 1), ('Trondheim', 'Hamar', 'Road', 1), ('Hamar', 'Oslo', 'Road', 1)]"
249,"[('Tromsø', 'Bodø', 'Road', 1), ('Bodø', 'Trondheim', 'Road', 1), ('Trondheim', 'Ålesund', 'Road', 1), ('Ålesund', 'Bergen', 'Road', 1)]"
250,"[('Tromsø', 'Bodø', 'Road', 1), ('Bodø', 'Trondheim', 'Road', 1)]"
251,"[('Tromsø', 'Bodø', 'Road', 1), ('Bodø', 'Trondheim', 'Road', 1), ('Trondheim', 'Hamar', 'Road', 1)]"
252,"[('Tromsø', 'Bodø', 'Road', 1), ('Bodø', 'Trondheim', 'Road', 1), ('Trondheim', 'Hamar', 'Road', 1), ('Hamar', 'Oslo', 'Road', 1), ('Oslo', 'Skien', 'Road', 1), ('Skien', 'Kristiansand', 'Road', 1)]"
253,"[('Tromsø', 'Bodø', 'Road', 1), ('Bodø', 'Trondheim', 'Road', 1), ('Trondheim', 'Hamar', 'Road', 1), ('Hamar', 'Oslo', 'Road', 1), ('Oslo', 'Skien', 'Road', 1)]"
254,"[('Tromsø', 'Bodø', 'Road', 1), ('Bodø', 'Trondheim', 'Road', 1), ('Trondheim', 'Ålesund', 'Road', 1)]"
255,"[('Tromsø', 'Bodø', 'Road', 1), ('Bodø', 'Trondheim', 'Road', 1), ('Trondheim', 'Ålesund', 'Road', 1), ('Ålesund', 'Bergen', 'Road', 1), ('Bergen', 'Stavanger', 'Road', 1)]"
256,"[('Tromsø', 'Bodø', 'Road', 1), ('Bodø', 'Nord-Sverige', 'Road', 1), ('Nord-Sverige', 'Sør-Sverige', 'Road', 1)]"
257,"[('Tromsø', 'Bodø', 'Road', 1), ('Bodø', 'Nord-Sverige', 'Road', 1)]"
258,"[('Tromsø', 'Bodø', 'Road', 1), ('Bodø', 'Nord-Sverige', 'Road', 1), ('Nord-Sverige', 'Sør-Sverige', 'Road', 1), ('Sør-Sverige', 'Europa', 'Road', 1)]"
259,"[('Hamar', 'Oslo', 'Road', 1), ('Oslo', 'Bergen', 'Road', 1)]"
260,"[('Hamar', 'Trondheim', 'Road', 1), ('Trondheim', 'Bodø', 'Road', 1)]"
261,"[('Hamar', 'Trondheim', 'Road', 1), ('Trondheim', 'Bodø', 'Road', 1), ('Bodø', 'Tromsø', 'Road', 1)]"
262,"[('Hamar', 'Oslo', 'Road', 1), ('Oslo', 'Skien', 'Road', 1), ('Skien', 'Kristiansand', 'Road', 1)]"
263,"[('Hamar', 'Oslo', 'Road', 1), ('Oslo', 'Skien', 'Road', 1)]"
264,"[('Hamar', 'Oslo', 'Road', 1), ('Oslo', 'Skien', 'Road', 1), ('Skien', 'Kristiansand', 'Road', 1), ('Kristiansand', 'Stavanger', 'Road', 1)]"
265,"[('Hamar', 'Oslo', 'Road', 1), ('Oslo', 'Sør-Sverige', 'Road', 1)]"
266,"[('Hamar', 'Trondheim', 'Road', 1), ('Trondheim', 'Nord-Sverige', 'Road', 1)]"
267,"[('Hamar', 'Oslo', 'Road', 1), ('Oslo', 'Sør-Sverige', 'Road', 1), ('Sør-Sverige', 'Europa', 'Road', 1)]"
268,"[('Kristiansand', 'Skien', 'Road', 1), ('Skien', 'Oslo', 'Road', 1)]"
269,"[('Kristiansand', 'Stavanger', 'Road', 1), ('Stavanger', 'Bergen', 'Road', 1)]"
270,"[('Kristiansand', 'Skien', 'Road', 1), ('Skien', 'Oslo', 'Road', 1), ('Oslo', 'Hamar', 'Road', 1), ('Hamar', 'Trondheim', 'Road', 1)]"
271,"[('Kristiansand', 'Skien', 'Road', 1), ('Skien', 'Oslo', 'Road', 1), ('Oslo', 'Hamar', 'Road', 1), ('Hamar', 'Trondheim', 'Road', 1), ('Trondheim', 'Bodø', 'Road', 1)]"
272,"[('Kristiansand', 'Skien', 'Road', 1), ('Skien', 'Oslo', 'Road', 1), ('Oslo', 'Hamar', 'Road', 1), ('Hamar', 'Trondheim', 'Road', 1), ('Trondheim', 'Bodø', 'Road', 1), ('Bodø', 'Tromsø', 'Road', 1)]"
273,"[('Kristiansand', 'Skien', 'Road', 1), ('Skien', 'Oslo', 'Road', 1), ('Oslo', 'Hamar', 'Road', 1)]"
274,"[('Kristiansand', 'Stavanger', 'Road', 1), ('Stavanger', 'Bergen', 'Road', 1), ('Bergen', 'Ålesund', 'Road', 1)]"
275,"[('Kristiansand', 'Skien', 'Road', 1), ('Skien', 'Oslo', 'Road', 1), ('Oslo', 'Sør-Sverige', 'Road', 1)]"
276,"[('Kristiansand', 'Skien', 'Road', 1), ('Skien', 'Oslo', 'Road', 1), ('Oslo', 'Sør-Sverige', 'Road', 1), ('Sør-Sverige', 'Nord-Sverige', 'Road', 1)]"
277,"[('Skien', 'Oslo', 'Road', 1), ('Oslo', 'Bergen', 'Road', 1)]"
278,"[('Skien', 'Oslo', 'Road', 1), ('Oslo', 'Hamar', 'Road', 1), ('Hamar', 'Trondheim', 'Road', 1)]"
279,"[('Skien', 'Oslo', 'Road', 1), ('Oslo', 'Hamar', 'Road', 1), ('Hamar', 'Trondheim', 'Road', 1), ('Trondheim', 'Bodø', 'Road', 1)]"
280,"[('Skien', 'Oslo', 'Road', 1), ('Oslo', 'Hamar', 'Road', 1), ('Hamar', 'Trondheim', 'Road', 1), ('Trondheim', 'Bodø', 'Road', 1), ('Bodø', 'Tromsø', 'Road', 1)]"
281,"[('Skien', 'Oslo', 'Road', 1), ('Oslo', 'Hamar', 'Road', 1)]"
282,"[('Skien', 'Oslo', 'Road', 1), ('Oslo', 'Hamar', 'Road', 1), ('Hamar', 'Ålesund', 'Road', 1)]"
283,"[('Skien', 'Kristiansand', 'Road', 1), ('Kristiansand', 'Stavanger', 'Road', 1)]"
284,"[('Skien', 'Oslo', 'Road', 1), ('Oslo', 'Sør-Sverige', 'Road', 1)]"
285,"[('Skien', 'Oslo', 'Road', 1), ('Oslo', 'Sør-Sverige', 'Road', 1), ('Sør-Sverige', 'Nord-Sverige', 'Road', 1)]"
286,"[('Skien', 'Oslo', 'Road', 1), ('Oslo', 'Sør-Sverige', 'Road', 1), ('Sør-Sverige', 'Europa', 'Road', 1)]"
287,"[('Ålesund', 'Hamar', 'Road', 1), ('Hamar', 'Oslo', 'Road', 1)]"
288,"[('Ålesund', 'Trondheim', 'Road', 1), ('Trondheim', 'Bodø', 'Road', 1)]"
289,"[('Ålesund', 'Trondheim', 'Road', 1), ('Trondheim', 'Bodø', 'Road', 1), ('Bodø', 'Tromsø', 'Road', 1)]"
290,"[('Ålesund', 'Bergen', 'Road', 1), ('Bergen', 'Stavanger', 'Road', 1), ('Stavanger', 'Kristiansand', 'Road', 1)]"
291,"[('Ålesund', 'Hamar', 'Road', 1), ('Hamar', 'Oslo', 'Road', 1), ('Oslo', 'Skien', 'Road', 1)]"
292,"[('Ålesund', 'Bergen', 'Road', 1), ('Bergen', 'Stavanger', 'Road', 1)]"
293,"[('Ålesund', 'Hamar', 'Road', 1), ('Hamar', 'Oslo', 'Road', 1), ('Oslo', 'Sør-Sverige', 'Road', 1)]"
294,"[('Ålesund', 'Trondheim', 'Road', 1), ('Trondheim', 'Nord-Sverige', 'Road', 1)]"
295,"[('Ålesund', 'Hamar', 'Road', 1), ('Hamar', 'Oslo', 'Road', 1), ('Oslo', 'Sør-Sverige', 'Road', 1), ('Sør-Sverige', 'Europa', 'Road', 1)]"
296,"[('Stavanger', 'Kristiansand', 'Road', 1), ('Kristiansand', 'Skien', 'Road', 1), ('Skien', 'Oslo', 'Road', 1)]"
297,"[('Stavanger', 'Bergen', 'Road', 1), ('Bergen', 'Ålesund', 'Road', 1), ('Ålesund', 'Trondheim', 'Road', 1)]"
298,"[('Stavanger', 'Bergen', 'Road', 1), ('Bergen', 'Ålesund', 'Road', 1), ('Ålesund', 'Trondheim', 'Road', 1), ('Trondheim', 'Bodø', 'Road', 1)]"
299,"[('Stavanger', 'Bergen', 'Road', 1), ('Bergen', 'Ålesund', 'Road', 1), ('Ålesund', 'Trondheim', 'Road', 1), ('Trondheim', 'Bodø', 'Road', 1), ('Bodø', 'Tromsø', 'Road', 1)]"
300,"[('Stavanger', 'Kristiansand', 'Road', 1), ('Kristiansand', 'Skien', 'Road', 1), ('Skien', 'Oslo', 'Road', 1), ('Oslo', 'Hamar', 'Road', 1)]"
301,"[('Stavanger', 'Kristiansand', 'Road', 1), ('Kristiansand', 'Skien', 'Road', 1)]"
302,"[('Stavanger', 'Bergen', 'Road', 1), ('Bergen', 'Ålesund', 'Road', 1)]"
303,"[('Stavanger', 'Kristiansand', 'Road', 1), ('Kristiansand', 'Skien', 'Road', 1), ('Skien', 'Oslo', 'Road', 1), ('Oslo', 'Sør-Sverige', 'Road', 1)]"
304,"[('Stavanger', 'Kristiansand', 'Road', 1), ('Kristiansand', 'Skien', 'Road', 1), ('Skien', 'Oslo', 'Road', 1), ('Oslo', 'Sør-Sverige', 'Road', 1), ('Sør-Sverige', 'Nord-Sverige', 'Road', 1)]"
305,"[('Sør-Sverige', 'Oslo', 'Road', 1), ('Oslo', 'Bergen', 'Road', 1)]"
306,"[('Sør-Sverige', 'Nord-Sverige', 'Road', 1), ('Nord-Sverige', 'Trondheim', 'Road', 1)]"
307,"[('Sør-Sverige', 'Nord-Sverige', 'Road', 1), ('Nord-Sverige', 'Bodø', 'Road', 1)]"
308,"[('Sør-Sverige', 'Nord-Sverige', 'Road', 1), ('Nord-Sverige', 'Bodø', 'Road', 1), ('Bodø', 'Tromsø', 'Road', 1)]"
309,"[('Sør-Sverige', 'Oslo', 'Road', 1), ('Oslo', 'Hamar', 'Road', 1)]"
310,"[('Sør-Sverige', 'Oslo', 'Road', 1), ('Oslo', 'Skien', 'Road', 1), ('Skien', 'Kristiansand', 'Road', 1)]"
311,"[('Sør-Sverige', 'Oslo', 'Road', 1), ('Oslo', 'Skien', 'Road', 1)]"
312,"[('Sør-Sverige', 'Oslo', 'Road', 1), ('Oslo', 'Hamar', 'Road', 1), ('Hamar', 'Ålesund', 'Road', 1)]"
313,"[('Sør-Sverige', 'Oslo', 'Road', 1), ('Oslo', 'Skien', 'Road', 1), ('Skien', 'Kristiansand', 'Road', 1), ('Kristiansand', 'Stavanger', 'Road', 1)]"
314,"[('Nord-Sverige', 'Sør-Sverige', 'Road', 1), ('Sør-Sverige', 'Oslo', 'Road', 1)]"
315,"[('Nord-Sverige', 'Sør-Sverige', 'Road', 1), ('Sør-Sverige', 'Oslo', 'Road', 1), ('Oslo', 'Bergen', 'Road', 1)]"
316,"[('Nord-Sverige', 'Bodø', 'Road', 1), ('Bodø', 'Tromsø', 'Road', 1)]"
317,"[('Nord-Sverige', 'Trondheim', 'Road', 1), ('Trondheim', 'Hamar', 'Road', 1)]"
318,"[('Nord-Sverige', 'Sør-Sverige', 'Road', 1), ('Sør-Sverige', 'Oslo', 'Road', 1), ('Oslo', 'Skien', 'Road', 1), ('Skien', 'Kristiansand', 'Road', 1)]"
319,"[('Nord-Sverige', 'Sør-Sverige', 'Road', 1), ('Sør-Sverige', 'Oslo', 'Road', 1), ('Oslo', 'Skien', 'Road', 1)]"
320,"[('Nord-Sverige', 'Trondheim', 'Road', 1), ('Trondheim', 'Ålesund', 'Road', 1)]"
321,"[('Nord-Sverige', 'Sør-Sverige', 'Road', 1), ('Sør-Sverige', 'Oslo', 'Road', 1), ('Oslo', 'Skien', 'Road', 1), ('Skien', 'Kristiansand', 'Road', 1), ('Kristiansand', 'Stavanger', 'Road', 1)]"
322,"[('Europa', 'Sør-Sverige', 'Road', 1), ('Sør-Sverige', 'Oslo', 'Road', 1)]"
323,"[('Europa', 'Sør-Sverige', 'Road', 1), ('Sør-Sverige', 'Oslo', 'Road', 1), ('Oslo', 'Bergen', 'Road', 1)]"
324,"[('Europa', 'Sør-Sverige', 'Road', 1), ('Sør-Sverige', 'Nord-Sverige', 'Road', 1), ('Nord-Sverige', 'Trondheim', 'Road', 1)]"
325,"[('Europa', 'Sør-Sverige', 'Road', 1), ('Sør-Sverige', 'Nord-Sverige', 'Road', 1), ('Nord-Sverige', 'Bodø', 'Road', 1)]"
326,"[('Europa', 'Sør-Sverige', 'Road', 1), ('Sør-Sverige', 'Nord-Sverige', 'Road', 1), ('Nord-Sverige', 'Bodø', 'Road', 1), ('Bodø', 'Tromsø', 'Road', 1)]"
327,"[('Europa', 'Sør-Sverige', 'Road', 1), ('Sør-Sverige', 'Oslo', 'Road', 1), ('Oslo', 'Hamar', 'Road', 1)]"
328,"[('Europa', 'Sør-Sverige', 'Road', 1), ('Sør-Sverige', 'Oslo', 'Road', 1), ('Oslo', 'Skien', 'Road', 1)]"
329,"[('Europa', 'Sør-Sverige', 'Road', 1), ('Sør-Sverige', 'Oslo', 'Road', 1), ('Oslo', 'Hamar', 'Road', 1), ('Hamar', 'Ålesund', 'Road', 1)]"
330,"[('Oslo', 'Hamar', 'Rail', 1), ('Hamar', 'Trondheim', 'Rail', 2)]"
331,"[('Oslo', 'Hamar', 'Rail', 1), ('Hamar', 'Trondheim', 'Rail', 1)]"
332,"[('Oslo', 'Hamar', 'Rail', 1), ('Hamar', 'Trondheim', 'Rail', 2), ('Trondheim', 'Bodø', 'Rail', 1)]"
333,"[('Oslo', 'Hamar', 'Rail', 1), ('Hamar', 'Trondheim', 'Rail', 1), ('Trondheim', 'Bodø', 'Rail', 1)]"
334,"[('Oslo', 'Hamar', 'Rail', 1), ('Hamar', 'Trondheim', 'Rail', 2), ('Trondheim', 'Bodø', 'Rail', 1), ('Bodø', 'Tromsø', 'Rail', 1)]"
335,"[('Oslo', 'Hamar', 'Rail', 1), ('Hamar', 'Trondheim', 'Rail', 1), ('Trondheim', 'Bodø', 'Rail', 1), ('Bodø', 'Tromsø', 'Rail', 1)]"
336,"[('Oslo', 'Skien', 'Rail', 1), ('Skien', 'Kristiansand', 'Rail', 1)]"
337,"[('Oslo', 'Hamar', 'Rail', 1), ('Hamar', 'Ålesund', 'Rail', 1)]"
338,"[('Oslo', 'Skien', 'Rail', 1), ('Skien', 'Kristiansand', 'Rail', 1), ('Kristiansand', 'Stavanger', 'Rail', 1)]"
339,"[('Oslo', 'Sør-Sverige', 'Rail', 1), ('Sør-Sverige', 'Nord-Sverige', 'Rail', 1)]"
340,"[('Oslo', 'Sør-Sverige', 'Rail', 1), ('Sør-Sverige', 'Europa', 'Rail', 1)]"
341,"[('Bergen', 'Oslo', 'Rail', 1), ('Oslo', 'Hamar', 'Rail', 1), ('Hamar', 'Trondheim', 'Rail', 2)]"
342,"[('Bergen', 'Oslo', 'Rail', 1), ('Oslo', 'Hamar', 'Rail', 1), ('Hamar', 'Trondheim', 'Rail', 1)]"
343,"[('Bergen', 'Oslo', 'Rail', 1), ('Oslo', 'Hamar', 'Rail', 1), ('Hamar', 'Trondheim', 'Rail', 2), ('Trondheim', 'Bodø', 'Rail', 1)]"
344,"[('Bergen', 'Oslo', 'Rail', 1), ('Oslo', 'Hamar', 'Rail', 1), ('Hamar', 'Trondheim', 'Rail', 1), ('Trondheim', 'Bodø', 'Rail', 1)]"
345,"[('Bergen', 'Oslo', 'Rail', 1), ('Oslo', 'Hamar', 'Rail', 1), ('Hamar', 'Trondheim', 'Rail', 2), ('Trondheim', 'Bodø', 'Rail', 1), ('Bodø', 'Tromsø', 'Rail', 1)]"
346,"[('Bergen', 'Oslo', 'Rail', 1), ('Oslo', 'Hamar', 'Rail', 1), ('Hamar', 'Trondheim', 'Rail', 1), ('Trondheim', 'Bodø', 'Rail', 1), ('Bodø', 'Tromsø', 'Rail', 1)]"
347,"[('Bergen', 'Oslo', 'Rail', 1), ('Oslo', 'Hamar', 'Rail', 1)]"
348,"[('Bergen', 'Oslo', 'Rail', 1), ('Oslo', 'Skien', 'Rail', 1), ('Skien', 'Kristiansand', 'Rail', 1)]"
349,"[('Bergen', 'Oslo', 'Rail', 1), ('Oslo', 'Skien', 'Rail', 1)]"
350,"[('Bergen', 'Oslo', 'Rail', 1), ('Oslo', 'Sør-Sverige', 'Rail', 1)]"
351,"[('Bergen', 'Oslo', 'Rail', 1), ('Oslo', 'Sør-Sverige', 'Rail', 1), ('Sør-Sverige', 'Nord-Sverige', 'Rail', 1)]"
352,"[('Trondheim', 'Hamar', 'Rail', 2), ('Hamar', 'Oslo', 'Rail', 1)]"
353,"[('Trondheim', 'Hamar', 'Rail', 1), ('Hamar', 'Oslo', 'Rail', 1)]"
354,"[('Trondheim', 'Hamar', 'Rail', 2), ('Hamar', 'Oslo', 'Rail', 1), ('Oslo', 'Bergen', 'Rail', 1)]"
355,"[('Trondheim', 'Hamar', 'Rail', 1), ('Hamar', 'Oslo', 'Rail', 1), ('Oslo', 'Bergen', 'Rail', 1)]"
356,"[('Trondheim', 'Bodø', 'Rail', 1), ('Bodø', 'Tromsø', 'Rail', 1)]"
357,"[('Trondheim', 'Hamar', 'Rail', 2), ('Hamar', 'Oslo', 'Rail', 1), ('Oslo', 'Skien', 'Rail', 1), ('Skien', 'Kristiansand', 'Rail', 1)]"
358,"[('Trondheim', 'Hamar', 'Rail', 1), ('Hamar', 'Oslo', 'Rail', 1), ('Oslo', 'Skien', 'Rail', 1), ('Skien', 'Kristiansand', 'Rail', 1)]"
359,"[('Trondheim', 'Hamar', 'Rail', 2), ('Hamar', 'Oslo', 'Rail', 1), ('Oslo', 'Skien', 'Rail', 1)]"
360,"[('Trondheim', 'Hamar', 'Rail', 1), ('Hamar', 'Oslo', 'Rail', 1), ('Oslo', 'Skien', 'Rail', 1)]"
361,"[('Trondheim', 'Hamar', 'Rail', 2), ('Hamar', 'Ålesund', 'Rail', 1)]"
362,"[('Trondheim', 'Hamar', 'Rail', 1), ('Hamar', 'Ålesund', 'Rail', 1)]"
363,"[('Trondheim', 'Hamar', 'Rail', 2), ('Hamar', 'Oslo', 'Rail', 1), ('Oslo', 'Skien', 'Rail', 1), ('Skien', 'Kristiansand', 'Rail', 1), ('Kristiansand', 'Stavanger', 'Rail', 1)]"
364,"[('Trondheim', 'Hamar', 'Rail', 1), ('Hamar', 'Oslo', 'Rail', 1), ('Oslo', 'Skien', 'Rail', 1), ('Skien', 'Kristiansand', 'Rail', 1), ('Kristiansand', 'Stavanger', 'Rail', 1)]"
365,"[('Trondheim', 'Hamar', 'Rail', 2), ('Hamar', 'Sør-Sverige', 'Rail', 1)]"
366,"[('Trondheim', 'Hamar', 'Rail', 1), ('Hamar', 'Sør-Sverige', 'Rail', 1)]"
367,"[('Trondheim', 'Hamar', 'Rail', 2), ('Hamar', 'Sør-Sverige', 'Rail', 1), ('Sør-Sverige', 'Europa', 'Rail', 1)]"
368,"[('Trondheim', 'Hamar', 'Rail', 1), ('Hamar', 'Sør-Sverige', 'Rail', 1), ('Sør-Sverige', 'Europa', 'Rail', 1)]"
369,"[('Bodø', 'Trondheim', 'Rail', 1), ('Trondheim', 'Hamar', 'Rail', 2), ('Hamar', 'Oslo', 'Rail', 1)]"
370,"[('Bodø', 'Trondheim', 'Rail', 1), ('Trondheim', 'Hamar', 'Rail', 1), ('Hamar', 'Oslo', 'Rail', 1)]"
371,"[('Bodø', 'Trondheim', 'Rail', 1), ('Trondheim', 'Hamar', 'Rail', 2), ('Hamar', 'Oslo', 'Rail', 1), ('Oslo', 'Bergen', 'Rail', 1)]"
372,"[('Bodø', 'Trondheim', 'Rail', 1), ('Trondheim', 'Hamar', 'Rail', 1), ('Hamar', 'Oslo', 'Rail', 1), ('Oslo', 'Bergen', 'Rail', 1)]"
373,"[('Bodø', 'Trondheim', 'Rail', 1), ('Trondheim', 'Hamar', 'Rail', 2)]"
374,"[('Bodø', 'Trondheim', 'Rail', 1), ('Trondheim', 'Hamar', 'Rail', 1)]"
375,"[('Bodø', 'Trondheim', 'Rail', 1), ('Trondheim', 'Hamar', 'Rail', 2), ('Hamar', 'Oslo', 'Rail', 1), ('Oslo', 'Skien', 'Rail', 1), ('Skien', 'Kristiansand', 'Rail', 1)]"
376,"[('Bodø', 'Trondheim', 'Rail', 1), ('Trondheim', 'Hamar', 'Rail', 1), ('Hamar', 'Oslo', 'Rail', 1), ('Oslo', 'Skien', 'Rail', 1), ('Skien', 'Kristiansand', 'Rail', 1)]"
377,"[('Bodø', 'Trondheim', 'Rail', 1), ('Trondheim', 'Hamar', 'Rail', 2), ('Hamar', 'Oslo', 'Rail', 1), ('Oslo', 'Skien', 'Rail', 1)]"
378,"[('Bodø', 'Trondheim', 'Rail', 1), ('Trondheim', 'Hamar', 'Rail', 1), ('Hamar', 'Oslo', 'Rail', 1), ('Oslo', 'Skien', 'Rail', 1)]"
379,"[('Bodø', 'Trondheim', 'Rail', 1), ('Trondheim', 'Hamar', 'Rail', 2), ('Hamar', 'Ålesund', 'Rail', 1)]"
380,"[('Bodø', 'Trondheim', 'Rail', 1), ('Trondheim', 'Hamar', 'Rail', 1), ('Hamar', 'Ålesund', 'Rail', 1)]"
381,"[('Bodø', 'Trondheim', 'Rail', 1), ('Trondheim', 'Hamar', 'Rail', 2), ('Hamar', 'Oslo', 'Rail', 1), ('Oslo', 'Skien', 'Rail', 1), ('Skien', 'Kristiansand', 'Rail', 1), ('Kristiansand', 'Stavanger', 'Rail', 1)]"
382,"[('Bodø', 'Trondheim', 'Rail', 1), ('Trondheim', 'Hamar', 'Rail', 1), ('Hamar', 'Oslo', 'Rail', 1), ('Oslo', 'Skien', 'Rail', 1), ('Skien', 'Kristiansand', 'Rail', 1), ('Kristiansand', 'Stavanger', 'Rail', 1)]"
383,"[('Bodø', 'Nord-Sverige', 'Rail', 1), ('Nord-Sverige', 'Sør-Sverige', 'Rail', 1)]"
384,"[('Bodø', 'Nord-Sverige', 'Rail', 1), ('Nord-Sverige', 'Sør-Sverige', 'Rail', 1), ('Sør-Sverige', 'Europa', 'Rail', 1)]"
385,"[('Tromsø', 'Bodø', 'Rail', 1), ('Bodø', 'Trondheim', 'Rail', 1), ('Trondheim', 'Hamar', 'Rail', 2), ('Hamar', 'Oslo', 'Rail', 1)]"
386,"[('Tromsø', 'Bodø', 'Rail', 1), ('Bodø', 'Trondheim', 'Rail', 1), ('Trondheim', 'Hamar', 'Rail', 1), ('Hamar', 'Oslo', 'Rail', 1)]"
387,"[('Tromsø', 'Bodø', 'Rail', 1), ('Bodø', 'Trondheim', 'Rail', 1), ('Trondheim', 'Hamar', 'Rail', 2), ('Hamar', 'Oslo', 'Rail', 1), ('Oslo', 'Bergen', 'Rail', 1)]"
388,"[('Tromsø', 'Bodø', 'Rail', 1), ('Bodø', 'Trondheim', 'Rail', 1), ('Trondheim', 'Hamar', 'Rail', 1), ('Hamar', 'Oslo', 'Rail', 1), ('Oslo', 'Bergen', 'Rail', 1)]"
389,"[('Tromsø', 'Bodø', 'Rail', 1), ('Bodø', 'Trondheim', 'Rail', 1)]"
390,"[('Tromsø', 'Bodø', 'Rail', 1), ('Bodø', 'Trondheim', 'Rail', 1), ('Trondheim', 'Hamar', 'Rail', 2)]"
391,"[('Tromsø', 'Bodø', 'Rail', 1), ('Bodø', 'Trondheim', 'Rail', 1), ('Trondheim', 'Hamar', 'Rail', 1)]"
392,"[('Tromsø', 'Bodø', 'Rail', 1), ('Bodø', 'Trondheim', 'Rail', 1), ('Trondheim', 'Hamar', 'Rail', 2), ('Hamar', 'Oslo', 'Rail', 1), ('Oslo', 'Skien', 'Rail', 1), ('Skien', 'Kristiansand', 'Rail', 1)]"
393,"[('Tromsø', 'Bodø', 'Rail', 1), ('Bodø', 'Trondheim', 'Rail', 1), ('Trondheim', 'Hamar', 'Rail', 1), ('Hamar', 'Oslo', 'Rail', 1), ('Oslo', 'Skien', 'Rail', 1), ('Skien', 'Kristiansand', 'Rail', 1)]"
394,"[('Tromsø', 'Bodø', 'Rail', 1), ('Bodø', 'Trondheim', 'Rail', 1), ('Trondheim', 'Hamar', 'Rail', 2), ('Hamar', 'Oslo', 'Rail', 1), ('Oslo', 'Skien', 'Rail', 1)]"
395,"[('Tromsø', 'Bodø', 'Rail', 1), ('Bodø', 'Trondheim', 'Rail', 1), ('Trondheim', 'Hamar', 'Rail', 1), ('Hamar', 'Oslo', 'Rail', 1), ('Oslo', 'Skien', 'Rail', 1)]"
396,"[('Tromsø', 'Bodø', 'Rail', 1), ('Bodø', 'Trondheim', 'Rail', 1), ('Trondheim', 'Hamar', 'Rail', 2), ('Hamar', 'Ålesund', 'Rail', 1)]"
397,"[('Tromsø', 'Bodø', 'Rail', 1), ('Bodø', 'Trondheim', 'Rail', 1), ('Trondheim', 'Hamar', 'Rail', 1), ('Hamar', 'Ålesund', 'Rail', 1)]"
398,"[('Tromsø', 'Bodø', 'Rail', 1), ('Bodø', 'Trondheim', 'Rail', 1), ('Trondheim', 'Hamar', 'Rail', 2), ('Hamar', 'Oslo', 'Rail', 1), ('Oslo', 'Skien', 'Rail', 1), ('Skien', 'Kristiansand', 'Rail', 1), ('Kristiansand', 'Stavanger', 'Rail', 1)]"
399,"[('Tromsø', 'Bodø', 'Rail', 1), ('Bodø', 'Trondheim', 'Rail', 1), ('Trondheim', 'Hamar', 'Rail', 1), ('Hamar', 'Oslo', 'Rail', 1), ('Oslo', 'Skien', 'Rail', 1), ('Skien', 'Kristiansand', 'Rail', 1), ('Kristiansand', 'Stavanger', 'Rail', 1)]"
400,"[('Tromsø', 'Bodø', 'Rail', 1), ('Bodø', 'Nord-Sverige', 'Rail', 1), ('Nord-Sverige', 'Sør-Sverige', 'Rail', 1)]"
401,"[('Tromsø', 'Bodø', 'Rail', 1), ('Bodø', 'Nord-Sverige', 'Rail', 1)]"
402,"[('Tromsø', 'Bodø', 'Rail', 1), ('Bodø', 'Nord-Sverige', 'Rail', 1), ('Nord-Sverige', 'Sør-Sverige', 'Rail', 1), ('Sør-Sverige', 'Europa', 'Rail', 1)]"
403,"[('Hamar', 'Oslo', 'Rail', 1), ('Oslo', 'Bergen', 'Rail', 1)]"
404,"[('Hamar', 'Trondheim', 'Rail', 2), ('Trondheim', 'Bodø', 'Rail', 1)]"
405,"[('Hamar', 'Trondheim', 'Rail', 1), ('Trondheim', 'Bodø', 'Rail', 1)]"
406,"[('Hamar', 'Trondheim', 'Rail', 2), ('Trondheim', 'Bodø', 'Rail', 1), ('Bodø', 'Tromsø', 'Rail', 1)]"
407,"[('Hamar', 'Trondheim', 'Rail', 1), ('Trondheim', 'Bodø', 'Rail', 1), ('Bodø', 'Tromsø', 'Rail', 1)]"
408,"[('Hamar', 'Oslo', 'Rail', 1), ('Oslo', 'Skien', 'Rail', 1), ('Skien', 'Kristiansand', 'Rail', 1)]"
409,"[('Hamar', 'Oslo', 'Rail', 1), ('Oslo', 'Skien', 'Rail', 1)]"
410,"[('Hamar', 'Oslo', 'Rail', 1), ('Oslo', 'Skien', 'Rail', 1), ('Skien', 'Kristiansand', 'Rail', 1), ('Kristiansand', 'Stavanger', 'Rail', 1)]"
411,"[('Hamar', 'Trondheim', 'Rail', 2), ('Trondheim', 'Nord-Sverige', 'Rail', 1)]"
412,"[('Hamar', 'Trondheim', 'Rail', 1), ('Trondheim', 'Nord-Sverige', 'Rail', 1)]"
413,"[('Hamar', 'Sør-Sverige', 'Rail', 1), ('Sør-Sverige', 'Europa', 'Rail', 1)]"
414,"[('Kristiansand', 'Skien', 'Rail', 1), ('Skien', 'Oslo', 'Rail', 1)]"
415,"[('Kristiansand', 'Skien', 'Rail', 1), ('Skien', 'Oslo', 'Rail', 1), ('Oslo', 'Bergen', 'Rail', 1)]"
416,"[('Kristiansand', 'Skien', 'Rail', 1), ('Skien', 'Oslo', 'Rail', 1), ('Oslo', 'Hamar', 'Rail', 1), ('Hamar', 'Trondheim', 'Rail', 2)]"
417,"[('Kristiansand', 'Skien', 'Rail', 1), ('Skien', 'Oslo', 'Rail', 1), ('Oslo', 'Hamar', 'Rail', 1), ('Hamar', 'Trondheim', 'Rail', 1)]"
418,"[('Kristiansand', 'Skien', 'Rail', 1), ('Skien', 'Oslo', 'Rail', 1), ('Oslo', 'Hamar', 'Rail', 1), ('Hamar', 'Trondheim', 'Rail', 2), ('Trondheim', 'Bodø', 'Rail', 1)]"
419,"[('Kristiansand', 'Skien', 'Rail', 1), ('Skien', 'Oslo', 'Rail', 1), ('Oslo', 'Hamar', 'Rail', 1), ('Hamar', 'Trondheim', 'Rail', 1), ('Trondheim', 'Bodø', 'Rail', 1)]"
420,"[('Kristiansand', 'Skien', 'Rail', 1), ('Skien', 'Oslo', 'Rail', 1), ('Oslo', 'Hamar', 'Rail', 1), ('Hamar', 'Trondheim', 'Rail', 2), ('Trondheim', 'Bodø', 'Rail', 1), ('Bodø', 'Tromsø', 'Rail', 1)]"
421,"[('Kristiansand', 'Skien', 'Rail', 1), ('Skien', 'Oslo', 'Rail', 1), ('Oslo', 'Hamar', 'Rail', 1), ('Hamar', 'Trondheim', 'Rail', 1), ('Trondheim', 'Bodø', 'Rail', 1), ('Bodø', 'Tromsø', 'Rail', 1)]"
422,"[('Kristiansand', 'Skien', 'Rail', 1), ('Skien', 'Oslo', 'Rail', 1), ('Oslo', 'Hamar', 'Rail', 1)]"
423,"[('Kristiansand', 'Skien', 'Rail', 1), ('Skien', 'Oslo', 'Rail', 1), ('Oslo', 'Hamar', 'Rail', 1), ('Hamar', 'Ålesund', 'Rail', 1)]"
424,"[('Kristiansand', 'Skien', 'Rail', 1), ('Skien', 'Oslo', 'Rail', 1), ('Oslo', 'Sør-Sverige', 'Rail', 1)]"
425,"[('Kristiansand', 'Skien', 'Rail', 1), ('Skien', 'Oslo', 'Rail', 1), ('Oslo', 'Sør-Sverige', 'Rail', 1), ('Sør-Sverige', 'Nord-Sverige', 'Rail', 1)]"
426,"[('Skien', 'Oslo', 'Rail', 1), ('Oslo', 'Bergen', 'Rail', 1)]"
427,"[('Skien', 'Oslo', 'Rail', 1), ('Oslo', 'Hamar', 'Rail', 1), ('Hamar', 'Trondheim', 'Rail', 2)]"
428,"[('Skien', 'Oslo', 'Rail', 1), ('Oslo', 'Hamar', 'Rail', 1), ('Hamar', 'Trondheim', 'Rail', 1)]"
429,"[('Skien', 'Oslo', 'Rail', 1), ('Oslo', 'Hamar', 'Rail', 1), ('Hamar', 'Trondheim', 'Rail', 2), ('Trondheim', 'Bodø', 'Rail', 1)]"
430,"[('Skien', 'Oslo', 'Rail', 1), ('Oslo', 'Hamar', 'Rail', 1), ('Hamar', 'Trondheim', 'Rail', 1), ('Trondheim', 'Bodø', 'Rail', 1)]"
431,"[('Skien', 'Oslo', 'Rail', 1), ('Oslo', 'Hamar', 'Rail', 1), ('Hamar', 'Trondheim', 'Rail', 2), ('Trondheim', 'Bodø', 'Rail', 1), ('Bodø', 'Tromsø', 'Rail', 1)]"
432,"[('Skien', 'Oslo', 'Rail', 1), ('Oslo', 'Hamar', 'Rail', 1), ('Hamar', 'Trondheim', 'Rail', 1), ('Trondheim', 'Bodø', 'Rail', 1), ('Bodø', 'Tromsø', 'Rail', 1)]"
433,"[('Skien', 'Oslo', 'Rail', 1), ('Oslo', 'Hamar', 'Rail', 1)]"
434,"[('Skien', 'Oslo', 'Rail', 1), ('Oslo', 'Hamar', 'Rail', 1), ('Hamar', 'Ålesund', 'Rail', 1)]"
435,"[('Skien', 'Kristiansand', 'Rail', 1), ('Kristiansand', 'Stavanger', 'Rail', 1)]"
436,"[('Skien', 'Oslo', 'Rail', 1), ('Oslo', 'Sør-Sverige', 'Rail', 1)]"
437,"[('Skien', 'Oslo', 'Rail', 1), ('Oslo', 'Sør-Sverige', 'Rail', 1), ('Sør-Sverige', 'Nord-Sverige', 'Rail', 1)]"
438,"[('Skien', 'Oslo', 'Rail', 1), ('Oslo', 'Sør-Sverige', 'Rail', 1), ('Sør-Sverige', 'Europa', 'Rail', 1)]"
439,"[('Ålesund', 'Hamar', 'Rail', 1), ('Hamar', 'Oslo', 'Rail', 1)]"
440,"[('Ålesund', 'Hamar', 'Rail', 1), ('Hamar', 'Trondheim', 'Rail', 2)]"
441,"[('Ålesund', 'Hamar', 'Rail', 1), ('Hamar', 'Trondheim', 'Rail', 1)]"
442,"[('Ålesund', 'Hamar', 'Rail', 1), ('Hamar', 'Trondheim', 'Rail', 2), ('Trondheim', 'Bodø', 'Rail', 1)]"
443,"[('Ålesund', 'Hamar', 'Rail', 1), ('Hamar', 'Trondheim', 'Rail', 1), ('Trondheim', 'Bodø', 'Rail', 1)]"
444,"[('Ålesund', 'Hamar', 'Rail', 1), ('Hamar', 'Trondheim', 'Rail', 2), ('Trondheim', 'Bodø', 'Rail', 1), ('Bodø', 'Tromsø', 'Rail', 1)]"
445,"[('Ålesund', 'Hamar', 'Rail', 1), ('Hamar', 'Trondheim', 'Rail', 1), ('Trondheim', 'Bodø', 'Rail', 1), ('Bodø', 'Tromsø', 'Rail', 1)]"
446,"[('Ålesund', 'Hamar', 'Rail', 1), ('Hamar', 'Oslo', 'Rail', 1), ('Oslo', 'Skien', 'Rail', 1), ('Skien', 'Kristiansand', 'Rail', 1)]"
447,"[('Ålesund', 'Hamar', 'Rail', 1), ('Hamar', 'Oslo', 'Rail', 1), ('Oslo', 'Skien', 'Rail', 1)]"
448,"[('Ålesund', 'Hamar', 'Rail', 1), ('Hamar', 'Oslo', 'Rail', 1), ('Oslo', 'Skien', 'Rail', 1), ('Skien', 'Kristiansand', 'Rail', 1), ('Kristiansand', 'Stavanger', 'Rail', 1)]"
449,"[('Ålesund', 'Hamar', 'Rail', 1), ('Hamar', 'Sør-Sverige', 'Rail', 1)]"
450,"[('Ålesund', 'Hamar', 'Rail', 1), ('Hamar', 'Trondheim', 'Rail', 2), ('Trondheim', 'Nord-Sverige', 'Rail', 1)]"
451,"[('Ålesund', 'Hamar', 'Rail', 1), ('Hamar', 'Trondheim', 'Rail', 1), ('Trondheim', 'Nord-Sverige', 'Rail', 1)]"
452,"[('Ålesund', 'Hamar', 'Rail', 1), ('Hamar', 'Sør-Sverige', 'Rail', 1), ('Sør-Sverige', 'Europa', 'Rail', 1)]"
453,"[('Stavanger', 'Kristiansand', 'Rail', 1), ('Kristiansand', 'Skien', 'Rail', 1), ('Skien', 'Oslo', 'Rail', 1)]"
454,"[('Stavanger', 'Kristiansand', 'Rail', 1), ('Kristiansand', 'Skien', 'Rail', 1), ('Skien', 'Oslo', 'Rail', 1), ('Oslo', 'Hamar', 'Rail', 1), ('Hamar', 'Trondheim', 'Rail', 2)]"
455,"[('Stavanger', 'Kristiansand', 'Rail', 1), ('Kristiansand', 'Skien', 'Rail', 1), ('Skien', 'Oslo', 'Rail', 1), ('Oslo', 'Hamar', 'Rail', 1), ('Hamar', 'Trondheim', 'Rail', 1)]"
456,"[('Stavanger', 'Kristiansand', 'Rail', 1), ('Kristiansand', 'Skien', 'Rail', 1), ('Skien', 'Oslo', 'Rail', 1), ('Oslo', 'Hamar', 'Rail', 1), ('Hamar', 'Trondheim', 'Rail', 2), ('Trondheim', 'Bodø', 'Rail', 1)]"
457,"[('Stavanger', 'Kristiansand', 'Rail', 1), ('Kristiansand', 'Skien', 'Rail', 1), ('Skien', 'Oslo', 'Rail', 1), ('Oslo', 'Hamar', 'Rail', 1), ('Hamar', 'Trondheim', 'Rail', 1), ('Trondheim', 'Bodø', 'Rail', 1)]"
458,"[('Stavanger', 'Kristiansand', 'Rail', 1), ('Kristiansand', 'Skien', 'Rail', 1), ('Skien', 'Oslo', 'Rail', 1), ('Oslo', 'Hamar', 'Rail', 1), ('Hamar', 'Trondheim', 'Rail', 2), ('Trondheim', 'Bodø', 'Rail', 1), ('Bodø', 'Tromsø', 'Rail', 1)]"
459,"[('Stavanger', 'Kristiansand', 'Rail', 1), ('Kristiansand', 'Skien', 'Rail', 1), ('Skien', 'Oslo', 'Rail', 1), ('Oslo', 'Hamar', 'Rail', 1), ('Hamar', 'Trondheim', 'Rail', 1), ('Trondheim', 'Bodø', 'Rail', 1), ('Bodø', 'Tromsø', 'Rail', 1)]"
460,"[('Stavanger', 'Kristiansand', 'Rail', 1), ('Kristiansand', 'Skien', 'Rail', 1), ('Skien', 'Oslo', 'Rail', 1), ('Oslo', 'Hamar', 'Rail', 1)]"
461,"[('Stavanger', 'Kristiansand', 'Rail', 1), ('Kristiansand', 'Skien', 'Rail', 1)]"
462,"[('Stavanger', 'Kristiansand', 'Rail', 1), ('Kristiansand', 'Skien', 'Rail', 1), ('Skien', 'Oslo', 'Rail', 1), ('Oslo', 'Hamar', 'Rail', 1), ('Hamar', 'Ålesund', 'Rail', 1)]"
463,"[('Stavanger', 'Kristiansand', 'Rail', 1), ('Kristiansand', 'Skien', 'Rail', 1), ('Skien', 'Oslo', 'Rail', 1), ('Oslo', 'Sør-Sverige', 'Rail', 1)]"
464,"[('Stavanger', 'Kristiansand', 'Rail', 1), ('Kristiansand', 'Skien', 'Rail', 1), ('Skien', 'Oslo', 'Rail', 1), ('Oslo', 'Sør-Sverige', 'Rail', 1), ('Sør-Sverige', 'Nord-Sverige', 'Rail', 1)]"
465,"[('Sør-Sverige', 'Oslo', 'Rail', 1), ('Oslo', 'Bergen', 'Rail', 1)]"
466,"[('Sør-Sverige', 'Hamar', 'Rail', 1), ('Hamar', 'Trondheim', 'Rail', 2)]"
467,"[('Sør-Sverige', 'Hamar', 'Rail', 1), ('Hamar', 'Trondheim', 'Rail', 1)]"
468,"[('Sør-Sverige', 'Nord-Sverige', 'Rail', 1), ('Nord-Sverige', 'Bodø', 'Rail', 1)]"
469,"[('Sør-Sverige', 'Nord-Sverige', 'Rail', 1), ('Nord-Sverige', 'Bodø', 'Rail', 1), ('Bodø', 'Tromsø', 'Rail', 1)]"
470,"[('Sør-Sverige', 'Oslo', 'Rail', 1), ('Oslo', 'Skien', 'Rail', 1), ('Skien', 'Kristiansand', 'Rail', 1)]"
471,"[('Sør-Sverige', 'Oslo', 'Rail', 1), ('Oslo', 'Skien', 'Rail', 1)]"
472,"[('Sør-Sverige', 'Hamar', 'Rail', 1), ('Hamar', 'Ålesund', 'Rail', 1)]"
473,"[('Sør-Sverige', 'Oslo', 'Rail', 1), ('Oslo', 'Skien', 'Rail', 1), ('Skien', 'Kristiansand', 'Rail', 1), ('Kristiansand', 'Stavanger', 'Rail', 1)]"
474,"[('Nord-Sverige', 'Sør-Sverige', 'Rail', 1), ('Sør-Sverige', 'Oslo', 'Rail', 1)]"
475,"[('Nord-Sverige', 'Sør-Sverige', 'Rail', 1), ('Sør-Sverige', 'Oslo', 'Rail', 1), ('Oslo', 'Bergen', 'Rail', 1)]"
476,"[('Nord-Sverige', 'Bodø', 'Rail', 1), ('Bodø', 'Tromsø', 'Rail', 1)]"
477,"[('Nord-Sverige', 'Sør-Sverige', 'Rail', 1), ('Sør-Sverige', 'Hamar', 'Rail', 1)]"
478,"[('Nord-Sverige', 'Sør-Sverige', 'Rail', 1), ('Sør-Sverige', 'Oslo', 'Rail', 1), ('Oslo', 'Skien', 'Rail', 1), ('Skien', 'Kristiansand', 'Rail', 1)]"
479,"[('Nord-Sverige', 'Sør-Sverige', 'Rail', 1), ('Sør-Sverige', 'Oslo', 'Rail', 1), ('Oslo', 'Skien', 'Rail', 1)]"
480,"[('Nord-Sverige', 'Sør-Sverige', 'Rail', 1), ('Sør-Sverige', 'Hamar', 'Rail', 1), ('Hamar', 'Ålesund', 'Rail', 1)]"
481,"[('Nord-Sverige', 'Sør-Sverige', 'Rail', 1), ('Sør-Sverige', 'Oslo', 'Rail', 1), ('Oslo', 'Skien', 'Rail', 1), ('Skien', 'Kristiansand', 'Rail', 1), ('Kristiansand', 'Stavanger', 'Rail', 1)]"
482,"[('Europa', 'Sør-Sverige', 'Rail', 1), ('Sør-Sverige', 'Oslo', 'Rail', 1)]"
483,"[('Europa', 'Sør-Sverige', 'Rail', 1), ('Sør-Sverige', 'Hamar', 'Rail', 1), ('Hamar', 'Trondheim', 'Rail', 2)]"
484,"[('Europa', 'Sør-Sverige', 'Rail', 1), ('Sør-Sverige', 'Hamar', 'Rail', 1), ('Hamar', 'Trondheim', 'Rail', 1)]"
485,"[('Europa', 'Sør-Sverige', 'Rail', 1), ('Sør-Sverige', 'Nord-Sverige', 'Rail', 1), ('Nord-Sverige', 'Bodø', 'Rail', 1)]"
486,"[('Europa', 'Sør-Sverige', 'Rail', 1), ('Sør-Sverige', 'Nord-Sverige', 'Rail', 1), ('Nord-Sverige', 'Bodø', 'Rail', 1), ('Bodø', 'Tromsø', 'Rail', 1)]"
487,"[('Europa', 'Sør-Sverige', 'Rail', 1), ('Sør-Sverige', 'Hamar', 'Rail', 1)]"
488,"[('Europa', 'Sør-Sverige', 'Rail', 1), ('Sør-Sverige', 'Oslo', 'Rail', 1), ('Oslo', 'Skien', 'Rail', 1)]"
489,"[('Europa', 'Sør-Sverige', 'Rail', 1), ('Sør-Sverige', 'Hamar', 'Rail', 1), ('Hamar', 'Ålesund', 'Rail', 1)]"
490,"[('Hamar', 'Sør-Sverige', 'Rail', 1), ('Sør-Sverige', 'Nord-Sverige', 'Rail', 1), ('Nord-Sverige', 'Bodø', 'Rail', 1)]"
491,"[('Bodø', 'Nord-Sverige', 'Rail', 1), ('Nord-Sverige', 'Sør-Sverige', 'Rail', 1), ('Sør-Sverige', 'Hamar', 'Rail', 1)]"
492,"[('Bodø', 'Nord-Sverige', 'Rail', 1), ('Nord-Sverige', 'Sør-Sverige', 'Rail', 1), ('Sør-Sverige', 'Hamar', 'Rail', 1), ('Hamar', 'Oslo', 'Rail', 1)]"
493,"[('Hamar', 'Sør-Sverige', 'Rail', 1), ('Sør-Sverige', 'Nord-Sverige', 'Rail', 1), ('Nord-Sverige', 'Bodø', 'Rail', 1), ('Oslo', 'Hamar', 'Rail', 1), ('Bodø', 'Tromsø', 'Rail', 1)]"
494,"[('Hamar', 'Sør-Sverige', 'Rail', 1), ('Sør-Sverige', 'Nord-Sverige', 'Rail', 1), ('Nord-Sverige', 'Bodø', 'Rail', 1), ('Bodø', 'Tromsø', 'Rail', 1)]"
495,"[('Oslo', 'Bodø', 'Sea', 1), ('Bodø', 'Tromsø', 'Road', 1)]"
496,"[('Oslo', 'Hamar', 'Rail', 1), ('Hamar', 'Trondheim', 'Rail', 1), ('Trondheim', 'Bodø', 'Rail', 1), ('Bodø', 'Tromsø', 'Road', 1)]"
497,"[('Oslo', 'Skien', 'Road', 1), ('Skien', 'Kristiansand', 'Sea', 1)]"
498,"[('Oslo', 'Kristiansand', 'Sea', 1), ('Kristiansand', 'Stavanger', 'Road', 1)]"
499,"[('Oslo', 'Bergen', 'Rail', 1), ('Bergen', 'Stavanger', 'Road', 1)]"
500,"[('Oslo', 'Sør-Sverige', 'Road', 1), ('Sør-Sverige', 'Nord-Sverige', 'Sea', 1)]"
501,"[('Oslo', 'Sør-Sverige', 'Road', 1), ('Sør-Sverige', 'Nord-Sverige', 'Rail', 1)]"
502,"[('Oslo', 'Skien', 'Road', 1), ('Skien', 'Verden', 'Sea', 1)]"
503,"[('Bergen', 'Oslo', 'Sea', 1), ('Oslo', 'Hamar', 'Road', 1)]"
504,"[('Bergen', 'Oslo', 'Rail', 1), ('Oslo', 'Hamar', 'Road', 1)]"
505,"[('Bergen', 'Skien', 'Sea', 1), ('Skien', 'Oslo', 'Road', 1), ('Oslo', 'Hamar', 'Road', 1)]"
506,"[('Bergen', 'Bodø', 'Sea', 1), ('Bodø', 'Tromsø', 'Road', 1)]"
507,"[('Bergen', 'Stavanger', 'Road', 1), ('Stavanger', 'Kristiansand', 'Rail', 1)]"
508,"[('Bergen', 'Ålesund', 'Road', 1), ('Ålesund', 'Trondheim', 'Road', 1), ('Trondheim', 'Nord-Sverige', 'Rail', 1)]"
509,"[('Trondheim', 'Bodø', 'Sea', 1), ('Bodø', 'Tromsø', 'Road', 1)]"
510,"[('Trondheim', 'Nord-Sverige', 'Rail', 1), ('Nord-Sverige', 'Bodø', 'Road', 1), ('Bodø', 'Tromsø', 'Road', 1)]"
511,"[('Trondheim', 'Bergen', 'Sea', 1), ('Bergen', 'Stavanger', 'Road', 1)]"
512,"[('Trondheim', 'Nord-Sverige', 'Road', 1), ('Nord-Sverige', 'Sør-Sverige', 'Rail', 1)]"
513,"[('Trondheim', 'Nord-Sverige', 'Rail', 1), ('Nord-Sverige', 'Sør-Sverige', 'Sea', 1)]"
514,"[('Trondheim', 'Nord-Sverige', 'Rail', 1), ('Nord-Sverige', 'Sør-Sverige', 'Road', 1)]"
515,"[('Hamar', 'Oslo', 'Road', 1), ('Oslo', 'Bergen', 'Sea', 1)]"
516,"[('Hamar', 'Oslo', 'Road', 1), ('Oslo', 'Bergen', 'Rail', 1)]"
517,"[('Hamar', 'Oslo', 'Road', 1), ('Oslo', 'Skien', 'Road', 1), ('Skien', 'Bergen', 'Sea', 1)]"
518,"[('Hamar', 'Trondheim', 'Road', 1), ('Trondheim', 'Bodø', 'Sea', 1)]"
519,"[('Hamar', 'Trondheim', 'Rail', 1), ('Trondheim', 'Bodø', 'Sea', 1)]"
520,"[('Hamar', 'Ålesund', 'Road', 1), ('Ålesund', 'Bodø', 'Sea', 1)]"
521,"[('Hamar', 'Oslo', 'Road', 1), ('Oslo', 'Bodø', 'Sea', 1)]"
522,"[('Hamar', 'Trondheim', 'Road', 1), ('Trondheim', 'Tromsø', 'Sea', 1)]"
523,"[('Hamar', 'Trondheim', 'Rail', 1), ('Trondheim', 'Tromsø', 'Sea', 1)]"
524,"[('Hamar', 'Ålesund', 'Road', 1), ('Ålesund', 'Tromsø', 'Sea', 1)]"
525,"[('Hamar', 'Oslo', 'Road', 1), ('Oslo', 'Kristiansand', 'Sea', 1)]"
526,"[('Hamar', 'Oslo', 'Road', 1), ('Oslo', 'Skien', 'Rail', 1), ('Skien', 'Kristiansand', 'Rail', 1)]"
527,"[('Hamar', 'Oslo', 'Road', 1), ('Oslo', 'Skien', 'Road', 1), ('Skien', 'Kristiansand', 'Sea', 1)]"
528,"[('Hamar', 'Oslo', 'Road', 1), ('Oslo', 'Skien', 'Road', 1), ('Skien', 'Stavanger', 'Sea', 1)]"
529,"[('Hamar', 'Oslo', 'Road', 1), ('Oslo', 'Stavanger', 'Sea', 1)]"
530,"[('Hamar', 'Oslo', 'Road', 1), ('Oslo', 'Skien', 'Rail', 1), ('Skien', 'Kristiansand', 'Rail', 1), ('Kristiansand', 'Stavanger', 'Rail', 1)]"
531,"[('Hamar', 'Oslo', 'Road', 1), ('Oslo', 'Sør-Sverige', 'Rail', 1)]"
532,"[('Hamar', 'Trondheim', 'Road', 1), ('Trondheim', 'Nord-Sverige', 'Rail', 1)]"
533,"[('Hamar', 'Oslo', 'Road', 1), ('Oslo', 'Sør-Sverige', 'Rail', 1), ('Sør-Sverige', 'Nord-Sverige', 'Rail', 1)]"
534,"[('Hamar', 'Oslo', 'Road', 1), ('Oslo', 'Sør-Sverige', 'Road', 1), ('Sør-Sverige', 'Nord-Sverige', 'Sea', 1)]"
535,"[('Hamar', 'Oslo', 'Road', 1), ('Oslo', 'Europa', 'Sea', 1)]"
536,"[('Hamar', 'Oslo', 'Road', 1), ('Oslo', 'Sør-Sverige', 'Rail', 1), ('Sør-Sverige', 'Europa', 'Rail', 1)]"
537,"[('Hamar', 'Oslo', 'Road', 1), ('Oslo', 'Skien', 'Road', 1), ('Skien', 'Europa', 'Sea', 1)]"
538,"[('Hamar', 'Oslo', 'Road', 1), ('Oslo', 'Skien', 'Road', 1), ('Skien', 'Verden', 'Sea', 1)]"
539,"[('Hamar', 'Ålesund', 'Road', 1), ('Ålesund', 'Verden', 'Sea', 1)]"
540,"[('Hamar', 'Ålesund', 'Rail', 1), ('Ålesund', 'Verden', 'Sea', 1)]"
541,"[('Bodø', 'Trondheim', 'Sea', 1), ('Trondheim', 'Hamar', 'Road', 1)]"
542,"[('Bodø', 'Trondheim', 'Sea', 1), ('Trondheim', 'Hamar', 'Rail', 1)]"
543,"[('Bodø', 'Ålesund', 'Sea', 1), ('Ålesund', 'Hamar', 'Road', 1)]"
544,"[('Bodø', 'Oslo', 'Sea', 1), ('Oslo', 'Hamar', 'Road', 1)]"
545,"[('Bodø', 'Bergen', 'Sea', 1), ('Bergen', 'Stavanger', 'Road', 1)]"
546,"[('Bodø', 'Nord-Sverige', 'Road', 1), ('Nord-Sverige', 'Sør-Sverige', 'Rail', 1)]"
547,"[('Tromsø', 'Bodø', 'Road', 1), ('Bodø', 'Oslo', 'Sea', 1)]"
548,"[('Tromsø', 'Bodø', 'Road', 1), ('Bodø', 'Bergen', 'Sea', 1)]"
549,"[('Tromsø', 'Bodø', 'Road', 1), ('Bodø', 'Trondheim', 'Sea', 1)]"
550,"[('Tromsø', 'Bodø', 'Road', 1), ('Bodø', 'Nord-Sverige', 'Road', 1), ('Nord-Sverige', 'Trondheim', 'Rail', 1)]"
551,"[('Tromsø', 'Trondheim', 'Sea', 1), ('Trondheim', 'Hamar', 'Road', 1)]"
552,"[('Tromsø', 'Trondheim', 'Sea', 1), ('Trondheim', 'Hamar', 'Rail', 1)]"
553,"[('Tromsø', 'Ålesund', 'Sea', 1), ('Ålesund', 'Hamar', 'Road', 1)]"
554,"[('Tromsø', 'Bodø', 'Road', 1), ('Bodø', 'Kristiansand', 'Sea', 1)]"
555,"[('Tromsø', 'Bodø', 'Road', 1), ('Bodø', 'Ålesund', 'Sea', 1)]"
556,"[('Tromsø', 'Bodø', 'Road', 1), ('Bodø', 'Stavanger', 'Sea', 1)]"
557,"[('Tromsø', 'Bodø', 'Road', 1), ('Bodø', 'Nord-Sverige', 'Road', 1), ('Nord-Sverige', 'Sør-Sverige', 'Rail', 1)]"
558,"[('Tromsø', 'Bodø', 'Road', 1), ('Bodø', 'Sør-Sverige', 'Sea', 1)]"
559,"[('Tromsø', 'Bodø', 'Sea', 1), ('Bodø', 'Nord-Sverige', 'Road', 1)]"
560,"[('Tromsø', 'Trondheim', 'Sea', 1), ('Trondheim', 'Nord-Sverige', 'Rail', 1)]"
561,"[('Tromsø', 'Bodø', 'Road', 1), ('Bodø', 'Kontinentalsokkelen', 'Sea', 1)]"
562,"[('Tromsø', 'Bodø', 'Road', 1), ('Bodø', 'Europa', 'Sea', 1)]"
563,"[('Tromsø', 'Bodø', 'Road', 1), ('Bodø', 'Nord-Sverige', 'Rail', 1), ('Nord-Sverige', 'Sør-Sverige', 'Rail', 1), ('Sør-Sverige', 'Europa', 'Rail', 1)]"
564,"[('Tromsø', 'Bodø', 'Road', 1), ('Bodø', 'Verden', 'Sea', 1)]"
565,"[('Kristiansand', 'Skien', 'Sea', 1), ('Skien', 'Oslo', 'Road', 1)]"
566,"[('Kristiansand', 'Stavanger', 'Rail', 1), ('Stavanger', 'Bergen', 'Road', 1)]"
567,"[('Kristiansand', 'Oslo', 'Sea', 1), ('Oslo', 'Hamar', 'Road', 1)]"
568,"[('Kristiansand', 'Skien', 'Rail', 1), ('Skien', 'Oslo', 'Rail', 1), ('Oslo', 'Hamar', 'Road', 1)]"
569,"[('Kristiansand', 'Skien', 'Sea', 1), ('Skien', 'Oslo', 'Road', 1), ('Oslo', 'Hamar', 'Road', 1)]"
570,"[('Kristiansand', 'Bodø', 'Sea', 1), ('Bodø', 'Tromsø', 'Road', 1)]"
571,"[('Ålesund', 'Trondheim', 'Sea', 1), ('Trondheim', 'Hamar', 'Rail', 1)]"
572,"[('Ålesund', 'Bodø', 'Sea', 1), ('Bodø', 'Tromsø', 'Road', 1)]"
573,"[('Ålesund', 'Bergen', 'Sea', 1), ('Bergen', 'Stavanger', 'Road', 1)]"
574,"[('Ålesund', 'Trondheim', 'Sea', 1), ('Trondheim', 'Nord-Sverige', 'Rail', 1)]"
575,"[('Ålesund', 'Trondheim', 'Road', 1), ('Trondheim', 'Nord-Sverige', 'Rail', 1)]"
576,"[('Stavanger', 'Bergen', 'Road', 1), ('Bergen', 'Oslo', 'Rail', 1)]"
577,"[('Stavanger', 'Bergen', 'Road', 1), ('Bergen', 'Trondheim', 'Sea', 1)]"
578,"[('Stavanger', 'Skien', 'Sea', 1), ('Skien', 'Oslo', 'Road', 1), ('Oslo', 'Hamar', 'Road', 1)]"
579,"[('Stavanger', 'Oslo', 'Sea', 1), ('Oslo', 'Hamar', 'Road', 1)]"
580,"[('Stavanger', 'Kristiansand', 'Rail', 1), ('Kristiansand', 'Skien', 'Rail', 1), ('Skien', 'Oslo', 'Rail', 1), ('Oslo', 'Hamar', 'Road', 1)]"
581,"[('Stavanger', 'Bergen', 'Road', 1), ('Bergen', 'Bodø', 'Sea', 1)]"
582,"[('Stavanger', 'Bodø', 'Sea', 1), ('Bodø', 'Tromsø', 'Road', 1)]"
583,"[('Stavanger', 'Bergen', 'Road', 1), ('Bergen', 'Ålesund', 'Sea', 1)]"
584,"[('Stavanger', 'Kristiansand', 'Road', 1), ('Kristiansand', 'Skien', 'Sea', 1)]"
585,"[('Stavanger', 'Kristiansand', 'Rail', 1), ('Kristiansand', 'Skien', 'Road', 1)]"
586,"[('Stavanger', 'Kristiansand', 'Road', 1), ('Kristiansand', 'Sør-Sverige', 'Sea', 1)]"
587,"[('Stavanger', 'Bergen', 'Road', 1), ('Bergen', 'Kontinentalsokkelen', 'Sea', 1)]"
588,"[('Stavanger', 'Kristiansand', 'Road', 1), ('Kristiansand', 'Europa', 'Sea', 1)]"
589,"[('Stavanger', 'Bergen', 'Road', 1), ('Bergen', 'Verden', 'Sea', 1)]"
590,"[('Skien', 'Kristiansand', 'Sea', 1), ('Kristiansand', 'Stavanger', 'Road', 1)]"
591,"[('Skien', 'Oslo', 'Road', 1), ('Oslo', 'Sør-Sverige', 'Road', 1), ('Sør-Sverige', 'Nord-Sverige', 'Rail', 1)]"
592,"[('Sør-Sverige', 'Nord-Sverige', 'Sea', 1), ('Nord-Sverige', 'Trondheim', 'Rail', 1)]"
593,"[('Sør-Sverige', 'Nord-Sverige', 'Road', 1), ('Nord-Sverige', 'Trondheim', 'Rail', 1)]"
594,"[('Sør-Sverige', 'Nord-Sverige', 'Rail', 1), ('Nord-Sverige', 'Trondheim', 'Road', 1)]"
595,"[('Sør-Sverige', 'Oslo', 'Rail', 1), ('Oslo', 'Hamar', 'Road', 1)]"
596,"[('Sør-Sverige', 'Nord-Sverige', 'Rail', 1), ('Nord-Sverige', 'Bodø', 'Road', 1)]"
597,"[('Sør-Sverige', 'Nord-Sverige', 'Rail', 1), ('Nord-Sverige', 'Bodø', 'Road', 1), ('Bodø', 'Tromsø', 'Road', 1)]"
598,"[('Sør-Sverige', 'Bodø', 'Sea', 1), ('Bodø', 'Tromsø', 'Road', 1)]"
599,"[('Sør-Sverige', 'Kristiansand', 'Sea', 1), ('Kristiansand', 'Stavanger', 'Road', 1)]"
600,"[('Nord-Sverige', 'Sør-Sverige', 'Sea', 1), ('Sør-Sverige', 'Oslo', 'Road', 1)]"
601,"[('Nord-Sverige', 'Sør-Sverige', 'Rail', 1), ('Sør-Sverige', 'Oslo', 'Road', 1)]"
602,"[('Nord-Sverige', 'Trondheim', 'Rail', 1), ('Trondheim', 'Ålesund', 'Road', 1), ('Ålesund', 'Bergen', 'Road', 1)]"
603,"[('Nord-Sverige', 'Trondheim', 'Rail', 1), ('Trondheim', 'Hamar', 'Road', 1)]"
604,"[('Nord-Sverige', 'Sør-Sverige', 'Rail', 1), ('Sør-Sverige', 'Oslo', 'Rail', 1), ('Oslo', 'Hamar', 'Road', 1)]"
605,"[('Nord-Sverige', 'Sør-Sverige', 'Sea', 1), ('Sør-Sverige', 'Oslo', 'Road', 1), ('Oslo', 'Hamar', 'Road', 1)]"
606,"[('Nord-Sverige', 'Sør-Sverige', 'Rail', 1), ('Sør-Sverige', 'Oslo', 'Road', 1), ('Oslo', 'Hamar', 'Road', 1)]"
607,"[('Nord-Sverige', 'Bodø', 'Road', 1), ('Bodø', 'Tromsø', 'Sea', 1)]"
608,"[('Nord-Sverige', 'Trondheim', 'Rail', 1), ('Trondheim', 'Ålesund', 'Sea', 1)]"
609,"[('Nord-Sverige', 'Trondheim', 'Rail', 1), ('Trondheim', 'Ålesund', 'Road', 1)]"
610,"[('Nord-Sverige', 'Sør-Sverige', 'Rail', 1), ('Sør-Sverige', 'Oslo', 'Road', 1), ('Oslo', 'Skien', 'Road', 1)]"
611,"[('Kontinentalsokkelen', 'Bodø', 'Sea', 1), ('Bodø', 'Tromsø', 'Road', 1)]"
612,"[('Kontinentalsokkelen', 'Bergen', 'Sea', 1), ('Bergen', 'Stavanger', 'Road', 1)]"
613,"[('Europa', 'Skien', 'Sea', 1), ('Skien', 'Oslo', 'Road', 1)]"
614,"[('Europa', 'Oslo', 'Sea', 1), ('Oslo', 'Hamar', 'Road', 1)]"
615,"[('Europa', 'Sør-Sverige', 'Rail', 1), ('Sør-Sverige', 'Oslo', 'Rail', 1), ('Oslo', 'Hamar', 'Road', 1)]"
616,"[('Europa', 'Skien', 'Sea', 1), ('Skien', 'Oslo', 'Road', 1), ('Oslo', 'Hamar', 'Road', 1)]"
617,"[('Europa', 'Bodø', 'Sea', 1), ('Bodø', 'Tromsø', 'Road', 1)]"
618,"[('Europa', 'Sør-Sverige', 'Rail', 1), ('Sør-Sverige', 'Nord-Sverige', 'Rail', 1), ('Nord-Sverige', 'Bodø', 'Rail', 1), ('Bodø', 'Tromsø', 'Road', 1)]"
619,"[('Europa', 'Kristiansand', 'Sea', 1), ('Kristiansand', 'Stavanger', 'Road', 1)]"
620,"[('Verden', 'Skien', 'Sea', 1), ('Skien', 'Oslo', 'Road', 1)]"
621,"[('Verden', 'Skien', 'Sea', 1), ('Skien', 'Oslo', 'Road', 1), ('Oslo', 'Hamar', 'Road', 1)]"
622,"[('Verden', 'Ålesund', 'Sea', 1), ('Ålesund', 'Hamar', 'Road', 1)]"
623,"[('Verden', 'Ålesund', 'Sea', 1), ('Ålesund', 'Hamar', 'Rail', 1)]"
624,"[('Verden', 'Bodø', 'Sea', 1), ('Bodø', 'Tromsø', 'Road', 1)]"
625,"[('Verden', 'Bergen', 'Sea', 1), ('Bergen', 'Stavanger', 'Road', 1)]"
626,"[('Oslo', 'Hamar', 'Road', 1), ('Hamar', 'Trondheim', 'Road', 1), ('Trondheim', 'Bodø', 'Sea', 1)]"
627,"[('Oslo', 'Hamar', 'Road', 1), ('Hamar', 'Trondheim', 'Road', 1), ('Trondheim', 'Tromsø', 'Sea', 1)]"
628,"[('Oslo', 'Hamar', 'Rail', 1), ('Hamar', 'Trondheim', 'Rail', 1), ('Trondheim', 'Tromsø', 'Sea', 1)]"
629,"[('Oslo', 'Hamar', 'Rail', 1), ('Hamar', 'Trondheim', 'Rail', 2), ('Trondheim', 'Tromsø', 'Sea', 1)]"
630,"[('Oslo', 'Bergen', 'Road', 1), ('Bergen', 'Ålesund', 'Sea', 1)]"
631,"[('Oslo', 'Bergen', 'Rail', 1), ('Bergen', 'Ålesund', 'Sea', 1)]"
632,"[('Oslo', 'Kristiansand', 'Sea', 1), ('Kristiansand', 'Stavanger', 'Rail', 1)]"
633,"[('Oslo', 'Skien', 'Rail', 1), ('Skien', 'Kristiansand', 'Rail', 1), ('Kristiansand', 'Stavanger', 'Sea', 1)]"
634,"[('Oslo', 'Skien', 'Road', 1), ('Skien', 'Stavanger', 'Sea', 1)]"
635,"[('Oslo', 'Bergen', 'Road', 1), ('Bergen', 'Stavanger', 'Sea', 1)]"
636,"[('Oslo', 'Hamar', 'Road', 1), ('Hamar', 'Trondheim', 'Rail', 1), ('Trondheim', 'Nord-Sverige', 'Rail', 1)]"
637,"[('Oslo', 'Sør-Sverige', 'Sea', 1), ('Sør-Sverige', 'Nord-Sverige', 'Rail', 1)]"
638,"[('Bergen', 'Ålesund', 'Sea', 1), ('Ålesund', 'Hamar', 'Road', 1)]"
639,"[('Bergen', 'Ålesund', 'Sea', 1), ('Ålesund', 'Hamar', 'Rail', 1)]"
640,"[('Bergen', 'Trondheim', 'Sea', 1), ('Trondheim', 'Nord-Sverige', 'Rail', 1)]"
641,"[('Trondheim', 'Hamar', 'Rail', 1), ('Hamar', 'Ålesund', 'Rail', 1), ('Ålesund', 'Skien', 'Sea', 1)]"
642,"[('Hamar', 'Ålesund', 'Road', 1), ('Ålesund', 'Bergen', 'Sea', 1)]"
643,"[('Hamar', 'Ålesund', 'Rail', 1), ('Ålesund', 'Bergen', 'Sea', 1)]"
644,"[('Hamar', 'Oslo', 'Road', 1), ('Oslo', 'Bergen', 'Road', 1), ('Bergen', 'Stavanger', 'Sea', 1)]"
645,"[('Hamar', 'Oslo', 'Road', 1), ('Oslo', 'Skien', 'Sea', 1)]"
646,"[('Hamar', 'Oslo', 'Road', 1), ('Oslo', 'Sør-Sverige', 'Sea', 1)]"
647,"[('Bodø', 'Trondheim', 'Sea', 1), ('Trondheim', 'Hamar', 'Road', 1), ('Hamar', 'Oslo', 'Road', 1)]"
648,"[('Tromsø', 'Trondheim', 'Sea', 1), ('Trondheim', 'Hamar', 'Road', 1), ('Hamar', 'Oslo', 'Road', 1)]"
649,"[('Tromsø', 'Trondheim', 'Sea', 1), ('Trondheim', 'Hamar', 'Rail', 1), ('Hamar', 'Oslo', 'Rail', 1)]"
650,"[('Tromsø', 'Trondheim', 'Sea', 1), ('Trondheim', 'Hamar', 'Rail', 2), ('Hamar', 'Oslo', 'Rail', 1)]"
651,"[('Tromsø', 'Bodø', 'Sea', 1), ('Bodø', 'Nord-Sverige', 'Rail', 1), ('Nord-Sverige', 'Sør-Sverige', 'Rail', 1)]"
652,"[('Ålesund', 'Bergen', 'Sea', 1), ('Bergen', 'Oslo', 'Road', 1)]"
653,"[('Ålesund', 'Bergen', 'Sea', 1), ('Bergen', 'Oslo', 'Rail', 1)]"
654,"[('Stavanger', 'Kristiansand', 'Rail', 1), ('Kristiansand', 'Oslo', 'Sea', 1)]"
655,"[('Stavanger', 'Bergen', 'Sea', 1), ('Bergen', 'Oslo', 'Road', 1)]"
656,"[('Stavanger', 'Bergen', 'Sea', 1), ('Bergen', 'Oslo', 'Road', 1), ('Oslo', 'Hamar', 'Road', 1)]"
657,"[('Stavanger', 'Trondheim', 'Sea', 1), ('Trondheim', 'Nord-Sverige', 'Rail', 1)]"
658,"[('Skien', 'Ålesund', 'Sea', 1), ('Ålesund', 'Hamar', 'Rail', 1), ('Hamar', 'Trondheim', 'Rail', 1)]"
659,"[('Skien', 'Oslo', 'Sea', 1), ('Oslo', 'Hamar', 'Road', 1)]"
660,"[('Skien', 'Sør-Sverige', 'Sea', 1), ('Sør-Sverige', 'Nord-Sverige', 'Rail', 1)]"
661,"[('Sør-Sverige', 'Oslo', 'Sea', 1), ('Oslo', 'Hamar', 'Road', 1)]"
662,"[('Sør-Sverige', 'Nord-Sverige', 'Rail', 1), ('Nord-Sverige', 'Bodø', 'Rail', 1), ('Bodø', 'Tromsø', 'Sea', 1)]"
663,"[('Nord-Sverige', 'Sør-Sverige', 'Rail', 1), ('Sør-Sverige', 'Oslo', 'Sea', 1)]"
664,"[('Nord-Sverige', 'Trondheim', 'Rail', 1), ('Trondheim', 'Bergen', 'Sea', 1)]"
665,"[('Nord-Sverige', 'Trondheim', 'Rail', 1), ('Trondheim', 'Tromsø', 'Sea', 1)]"
666,"[('Nord-Sverige', 'Trondheim', 'Rail', 1), ('Trondheim', 'Stavanger', 'Sea', 1)]"
667,"[('Nord-Sverige', 'Sør-Sverige', 'Rail', 1), ('Sør-Sverige', 'Skien', 'Sea', 1)]"
668,"[('Verden', 'Skien', 'Sea', 1), ('Skien', 'Oslo', 'Rail', 1)]"
669,"[('Bergen', 'Stavanger', 'Sea', 1), ('Stavanger', 'Kristiansand', 'Road', 1)]"
670,"[('Bergen', 'Oslo', 'Road', 1), ('Oslo', 'Skien', 'Sea', 1)]"
671,"[('Hamar', 'Trondheim', 'Rail', 1), ('Trondheim', 'Ålesund', 'Sea', 1)]"
672,"[('Hamar', 'Oslo', 'Road', 1), ('Oslo', 'Nord-Sverige', 'Sea', 1)]"
673,"[('Hamar', 'Oslo', 'Road', 1), ('Oslo', 'Sør-Sverige', 'Road', 1), ('Sør-Sverige', 'Nord-Sverige', 'Rail', 1)]"
674,"[('Hamar', 'Oslo', 'Rail', 1), ('Oslo', 'Skien', 'Rail', 1), ('Skien', 'Kristiansand', 'Rail', 1), ('Kristiansand', 'Verden', 'Sea', 1)]"
675,"[('Tromsø', 'Bodø', 'Rail', 1), ('Bodø', 'Nord-Sverige', 'Road', 1)]"
676,"[('Kristiansand', 'Stavanger', 'Road', 1), ('Stavanger', 'Bergen', 'Sea', 1)]"
677,"[('Ålesund', 'Bergen', 'Road', 1), ('Bergen', 'Stavanger', 'Sea', 1)]"
678,"[('Stavanger', 'Bergen', 'Sea', 1), ('Bergen', 'Ålesund', 'Road', 1)]"
679,"[('Stavanger', 'Kristiansand', 'Rail', 1), ('Kristiansand', 'Skien', 'Sea', 1)]"
680,"[('Skien', 'Oslo', 'Sea', 1), ('Oslo', 'Bergen', 'Road', 1)]"
681,"[('Skien', 'Kristiansand', 'Sea', 1), ('Kristiansand', 'Stavanger', 'Rail', 1)]"
682,"[('Skien', 'Oslo', 'Sea', 1), ('Oslo', 'Sør-Sverige', 'Road', 1)]"
683,"[('Skien', 'Oslo', 'Rail', 1), ('Oslo', 'Sør-Sverige', 'Road', 1)]"
684,"[('Sør-Sverige', 'Oslo', 'Road', 1), ('Oslo', 'Skien', 'Sea', 1)]"
685,"[('Sør-Sverige', 'Oslo', 'Road', 1), ('Oslo', 'Skien', 'Rail', 1)]"
686,"[('Nord-Sverige', 'Oslo', 'Sea', 1), ('Oslo', 'Hamar', 'Road', 1)]"
687,"[('Verden', 'Kristiansand', 'Sea', 1), ('Kristiansand', 'Skien', 'Rail', 1), ('Skien', 'Oslo', 'Rail', 1), ('Oslo', 'Hamar', 'Rail', 1)]"
688,"[('Trondheim', 'Hamar', 'Road', 1), ('Hamar', 'Oslo', 'Road', 1), ('Oslo', 'Kristiansand', 'Sea', 1)]"
689,"[('Trondheim', 'Hamar', 'Road', 1), ('Hamar', 'Oslo', 'Road', 1), ('Oslo', 'Skien', 'Sea', 1)]"
690,"[('Trondheim', 'Hamar', 'Rail', 1), ('Hamar', 'Oslo', 'Rail', 1), ('Oslo', 'Skien', 'Sea', 1)]"
691,"[('Trondheim', 'Hamar', 'Rail', 2), ('Hamar', 'Oslo', 'Rail', 1), ('Oslo', 'Skien', 'Sea', 1)]"
692,"[('Hamar', 'Trondheim', 'Road', 1), ('Trondheim', 'Bodø', 'Rail', 1), ('Bodø', 'Tromsø', 'Rail', 1)]"
693,"[('Bodø', 'Trondheim', 'Road', 1), ('Trondheim', 'Ålesund', 'Sea', 1)]"
694,"[('Bodø', 'Trondheim', 'Rail', 1), ('Trondheim', 'Ålesund', 'Sea', 1)]"
695,"[('Bodø', 'Nord-Sverige', 'Road', 1), ('Nord-Sverige', 'Sør-Sverige', 'Sea', 1)]"
696,"[('Tromsø', 'Bodø', 'Rail', 1), ('Bodø', 'Trondheim', 'Rail', 1), ('Trondheim', 'Hamar', 'Road', 1)]"
697,"[('Kristiansand', 'Oslo', 'Sea', 1), ('Oslo', 'Hamar', 'Road', 1), ('Hamar', 'Trondheim', 'Road', 1)]"
698,"[('Kristiansand', 'Oslo', 'Sea', 1), ('Oslo', 'Sør-Sverige', 'Road', 1)]"
699,"[('Ålesund', 'Trondheim', 'Sea', 1), ('Trondheim', 'Bodø', 'Road', 1)]"
700,"[('Ålesund', 'Hamar', 'Road', 1), ('Hamar', 'Oslo', 'Road', 1), ('Oslo', 'Skien', 'Sea', 1)]"
701,"[('Skien', 'Oslo', 'Sea', 1), ('Oslo', 'Hamar', 'Road', 1), ('Hamar', 'Trondheim', 'Road', 1)]"
702,"[('Skien', 'Oslo', 'Sea', 1), ('Oslo', 'Hamar', 'Rail', 1), ('Hamar', 'Trondheim', 'Rail', 1)]"
703,"[('Skien', 'Oslo', 'Sea', 1), ('Oslo', 'Hamar', 'Rail', 1), ('Hamar', 'Trondheim', 'Rail', 2)]"
704,"[('Skien', 'Oslo', 'Sea', 1), ('Oslo', 'Hamar', 'Road', 1), ('Hamar', 'Ålesund', 'Road', 1)]"
705,"[('Sør-Sverige', 'Nord-Sverige', 'Sea', 1), ('Nord-Sverige', 'Bodø', 'Road', 1)]"
706,"[('Sør-Sverige', 'Oslo', 'Road', 1), ('Oslo', 'Kristiansand', 'Sea', 1)]"
707,"[('Oslo', 'Hamar', 'Road', 1), ('Hamar', 'Trondheim', 'Road', 1), ('Trondheim', 'Bodø', 'Road', 1), ('Bodø', 'Tromsø', 'Sea', 1)]"
708,"[('Oslo', 'Bergen', 'Rail', 1), ('Bergen', 'Stavanger', 'Sea', 1)]"
709,"[('Bergen', 'Trondheim', 'Sea', 1), ('Trondheim', 'Bodø', 'Road', 1)]"
710,"[('Bergen', 'Trondheim', 'Sea', 1), ('Trondheim', 'Bodø', 'Rail', 1)]"
711,"[('Bergen', 'Trondheim', 'Sea', 1), ('Trondheim', 'Bodø', 'Road', 1), ('Bodø', 'Tromsø', 'Road', 1)]"
712,"[('Bergen', 'Trondheim', 'Sea', 1), ('Trondheim', 'Bodø', 'Rail', 1), ('Bodø', 'Tromsø', 'Rail', 1)]"
713,"[('Trondheim', 'Bodø', 'Road', 1), ('Bodø', 'Tromsø', 'Sea', 1)]"
714,"[('Trondheim', 'Ålesund', 'Road', 1), ('Ålesund', 'Bergen', 'Road', 1), ('Bergen', 'Stavanger', 'Sea', 1)]"
715,"[('Trondheim', 'Ålesund', 'Road', 1), ('Ålesund', 'Kontinentalsokkelen', 'Sea', 1)]"
716,"[('Hamar', 'Trondheim', 'Road', 1), ('Trondheim', 'Bodø', 'Road', 1), ('Bodø', 'Tromsø', 'Sea', 1)]"
717,"[('Bodø', 'Trondheim', 'Road', 1), ('Trondheim', 'Bergen', 'Sea', 1)]"
718,"[('Bodø', 'Trondheim', 'Rail', 1), ('Trondheim', 'Bergen', 'Sea', 1)]"
719,"[('Bodø', 'Trondheim', 'Road', 1), ('Trondheim', 'Stavanger', 'Sea', 1)]"
720,"[('Bodø', 'Trondheim', 'Rail', 1), ('Trondheim', 'Stavanger', 'Sea', 1)]"
721,"[('Bodø', 'Trondheim', 'Road', 1), ('Trondheim', 'Hamar', 'Road', 1), ('Hamar', 'Oslo', 'Road', 1), ('Oslo', 'Skien', 'Sea', 1)]"
722,"[('Bodø', 'Trondheim', 'Road', 1), ('Trondheim', 'Kontinentalsokkelen', 'Sea', 1)]"
723,"[('Tromsø', 'Bodø', 'Sea', 1), ('Bodø', 'Trondheim', 'Road', 1), ('Trondheim', 'Hamar', 'Road', 1), ('Hamar', 'Oslo', 'Road', 1)]"
724,"[('Tromsø', 'Bodø', 'Road', 1), ('Bodø', 'Trondheim', 'Road', 1), ('Trondheim', 'Bergen', 'Sea', 1)]"
725,"[('Tromsø', 'Bodø', 'Rail', 1), ('Bodø', 'Trondheim', 'Rail', 1), ('Trondheim', 'Bergen', 'Sea', 1)]"
726,"[('Tromsø', 'Bodø', 'Sea', 1), ('Bodø', 'Trondheim', 'Road', 1)]"
727,"[('Tromsø', 'Bodø', 'Sea', 1), ('Bodø', 'Trondheim', 'Road', 1), ('Trondheim', 'Hamar', 'Road', 1)]"
728,"[('Tromsø', 'Bodø', 'Road', 1), ('Bodø', 'Trondheim', 'Road', 1), ('Trondheim', 'Ålesund', 'Sea', 1)]"
729,"[('Tromsø', 'Bodø', 'Rail', 1), ('Bodø', 'Trondheim', 'Rail', 1), ('Trondheim', 'Ålesund', 'Sea', 1)]"
730,"[('Tromsø', 'Bodø', 'Road', 1), ('Bodø', 'Trondheim', 'Road', 1), ('Trondheim', 'Ålesund', 'Road', 1), ('Ålesund', 'Stavanger', 'Sea', 1)]"
731,"[('Tromsø', 'Bodø', 'Road', 1), ('Bodø', 'Trondheim', 'Road', 1), ('Trondheim', 'Ålesund', 'Road', 1), ('Ålesund', 'Kontinentalsokkelen', 'Sea', 1)]"
732,"[('Kristiansand', 'Bergen', 'Sea', 1), ('Bergen', 'Ålesund', 'Road', 1)]"
733,"[('Ålesund', 'Trondheim', 'Sea', 1), ('Trondheim', 'Bodø', 'Rail', 1)]"
734,"[('Ålesund', 'Trondheim', 'Sea', 1), ('Trondheim', 'Bodø', 'Road', 1), ('Bodø', 'Tromsø', 'Road', 1)]"
735,"[('Ålesund', 'Trondheim', 'Sea', 1), ('Trondheim', 'Bodø', 'Rail', 1), ('Bodø', 'Tromsø', 'Rail', 1)]"
736,"[('Ålesund', 'Bergen', 'Road', 1), ('Bergen', 'Kristiansand', 'Sea', 1)]"
737,"[('Ålesund', 'Bergen', 'Sea', 1), ('Bergen', 'Oslo', 'Rail', 1), ('Oslo', 'Skien', 'Rail', 1)]"
738,"[('Stavanger', 'Bergen', 'Sea', 1), ('Bergen', 'Oslo', 'Rail', 1)]"
739,"[('Stavanger', 'Bergen', 'Sea', 1), ('Bergen', 'Ålesund', 'Road', 1), ('Ålesund', 'Trondheim', 'Road', 1)]"
740,"[('Stavanger', 'Trondheim', 'Sea', 1), ('Trondheim', 'Bodø', 'Road', 1)]"
741,"[('Stavanger', 'Trondheim', 'Sea', 1), ('Trondheim', 'Bodø', 'Rail', 1)]"
742,"[('Stavanger', 'Ålesund', 'Sea', 1), ('Ålesund', 'Trondheim', 'Road', 1), ('Trondheim', 'Bodø', 'Road', 1), ('Bodø', 'Tromsø', 'Road', 1)]"
743,"[('Stavanger', 'Kristiansand', 'Rail', 1), ('Kristiansand', 'Skien', 'Rail', 1), ('Skien', 'Oslo', 'Rail', 1), ('Oslo', 'Sør-Sverige', 'Road', 1)]"
744,"[('Stavanger', 'Bergen', 'Road', 1), ('Bergen', 'Ålesund', 'Road', 1), ('Ålesund', 'Trondheim', 'Road', 1), ('Trondheim', 'Nord-Sverige', 'Rail', 1)]"
745,"[('Skien', 'Oslo', 'Sea', 1), ('Oslo', 'Hamar', 'Road', 1), ('Hamar', 'Trondheim', 'Road', 1), ('Trondheim', 'Bodø', 'Road', 1)]"
746,"[('Skien', 'Oslo', 'Rail', 1), ('Oslo', 'Bergen', 'Rail', 1), ('Bergen', 'Ålesund', 'Sea', 1)]"
747,"[('Sør-Sverige', 'Oslo', 'Road', 1), ('Oslo', 'Skien', 'Rail', 1), ('Skien', 'Kristiansand', 'Rail', 1), ('Kristiansand', 'Stavanger', 'Rail', 1)]"
748,"[('Nord-Sverige', 'Trondheim', 'Rail', 1), ('Trondheim', 'Ålesund', 'Road', 1), ('Ålesund', 'Bergen', 'Road', 1), ('Bergen', 'Stavanger', 'Road', 1)]"
749,"[('Kontinentalsokkelen', 'Ålesund', 'Sea', 1), ('Ålesund', 'Trondheim', 'Road', 1)]"
750,"[('Kontinentalsokkelen', 'Ålesund', 'Sea', 1), ('Ålesund', 'Trondheim', 'Road', 1), ('Trondheim', 'Bodø', 'Road', 1), ('Bodø', 'Tromsø', 'Road', 1)]"
751,"[('Skien', 'Oslo', 'Rail', 1), ('Oslo', 'Hamar', 'Road', 1)]"
752,"[('Bergen', 'Oslo', 'Rail', 1), ('Oslo', 'Skien', 'Sea', 1)]"
753,"[('Skien', 'Oslo', 'Sea', 1), ('Oslo', 'Bergen', 'Rail', 1)]"
754,"[('Kristiansand', 'Oslo', 'Sea', 1), ('Oslo', 'Sør-Sverige', 'Rail', 1), ('Sør-Sverige', 'Nord-Sverige', 'Rail', 1)]"
755,"[('Nord-Sverige', 'Sør-Sverige', 'Rail', 1), ('Sør-Sverige', 'Oslo', 'Rail', 1), ('Oslo', 'Kristiansand', 'Sea', 1)]"
